OverallQual,TotalArea,GarageCars,PropertyAge,MSSubClass,MSZoning,Neighborhood,HasPorch,HasDeck,LotConfig,HouseStyle,SaleType,SaleCondition,SalePrice
7,4276,2,5,60,RL,1,1,0,Inside,2Story,WD,Normal,208500
6,3786,2,31,20,RL,2,0,1,FR2,1Story,WD,Normal,181500
7,4492,2,7,60,RL,1,1,0,Inside,2Story,WD,Normal,223500
7,4190,3,91,70,RL,3,1,0,Corner,2Story,WD,Abnorml,140000
8,5541,3,8,60,RL,4,1,1,FR2,2Story,WD,Normal,250000
5,3520,2,16,50,RL,5,1,1,Inside,1.5Fin,WD,Normal,143000
8,5074,2,3,20,RL,6,1,1,Inside,1Story,WD,Normal,307000
7,5287,2,36,60,RL,7,1,1,Corner,2Story,WD,Normal,200000
7,4500,2,77,50,RM,8,1,1,Inside,1.5Fin,WD,Abnorml,129900
5,3145,1,69,190,RL,9,1,0,Corner,1.5Unf,WD,Normal,118000
5,3120,1,43,20,RL,10,0,0,Inside,1Story,WD,Normal,129500
9,5823,3,1,60,RL,11,1,1,Inside,2Story,New,Partial,345000
5,2736,1,46,20,RL,10,1,1,Inside,1Story,WD,Normal,144000
7,4482,3,1,20,RL,1,1,1,Inside,1Story,New,Partial,279500
6,3759,1,48,20,RL,12,1,0,Corner,1Story,WD,Normal,157000
7,2540,2,78,45,RM,9,1,1,Corner,1.5Unf,WD,Normal,132000
6,3012,2,40,20,RL,12,0,0,CulDSac,1Story,WD,Normal,149000
4,2592,2,39,90,RL,10,0,0,Inside,1Story,WD,Normal,90000
5,3342,2,4,20,RL,13,1,0,Inside,1Story,WD,Normal,159000
5,3707,1,51,20,RL,12,0,0,Inside,1Story,COD,Abnorml,139000
8,5910,3,1,60,RL,11,1,1,Corner,2Story,New,Partial,325300
7,2853,1,77,45,RM,14,1,0,Inside,1.5Unf,WD,Normal,139400
8,5367,2,6,20,RL,1,1,1,Inside,1Story,WD,Normal,230000
5,3160,2,31,120,RM,15,1,1,Inside,1Story,WD,Normal,129900
5,3180,1,42,20,RL,10,1,1,Inside,1Story,WD,Normal,154000
8,4766,3,2,20,RL,11,1,0,Corner,1Story,WD,Normal,256300
5,2700,2,59,20,RL,12,1,1,Corner,1Story,WD,Normal,134800
8,5112,3,3,20,RL,11,1,0,Inside,1Story,WD,Normal,306000
5,4684,1,49,20,RL,12,1,1,CulDSac,1Story,WD,Normal,207500
4,1560,1,81,30,RM,9,1,1,Inside,1Story,WD,Normal,68500
4,3283,1,88,70,C (all),14,1,0,Inside,2Story,WD,Normal,40000
5,3684,1,42,20,RL,10,1,0,CulDSac,1Story,WD,Normal,149350
8,3702,2,1,20,RL,1,1,0,Corner,1Story,WD,Normal,179900
5,4798,2,51,20,RL,12,1,0,Inside,1Story,WD,Normal,165500
9,4683,2,2,120,RL,11,1,1,Inside,1Story,WD,Normal,277500
8,6021,3,2,60,RL,11,1,1,Inside,2Story,WD,Normal,309000
5,3291,2,15,20,RL,1,1,1,Corner,1Story,WD,Normal,145000
5,3891,2,55,20,RL,12,0,0,Inside,1Story,WD,Normal,153000
5,3171,1,57,20,RL,12,1,0,Inside,1Story,WD,Abnorml,109000
4,2304,0,53,90,RL,16,0,0,Inside,1Story,WD,AdjLand,82000
6,3736,2,41,20,RL,12,1,0,Inside,1Story,WD,Abnorml,160000
5,4006,1,48,20,RL,17,1,0,Inside,1Story,WD,Normal,170000
5,2608,2,24,85,RL,13,0,1,CulDSac,SFoyer,WD,Normal,144000
5,2814,1,33,20,RL,1,0,1,CulDSac,1Story,WD,Normal,130250
5,3450,1,47,20,RL,12,0,0,Inside,1Story,WD,Normal,141000
9,5256,2,5,120,RL,11,1,1,Inside,1Story,WD,Normal,319900
7,5732,2,6,50,RL,5,1,1,CulDSac,1.5Fin,WD,Abnorml,239686
8,4968,3,1,20,FV,6,1,0,Inside,1Story,WD,Normal,249700
4,3640,0,89,190,RM,8,1,0,Inside,2Story,New,Partial,113000
5,2865,1,41,20,RL,10,0,0,Inside,1Story,WD,Normal,127000
6,3734,2,10,60,RL,18,1,0,Corner,2Story,WD,Normal,177000
6,2808,2,72,50,RM,9,0,1,Inside,1.5Fin,WD,Normal,114500
5,2448,2,47,90,RM,14,0,1,Corner,1Story,WD,Normal,110000
9,5526,3,25,20,RL,2,1,1,Inside,1Story,WD,Normal,385000
5,3104,2,52,80,RL,12,1,0,Inside,SLvl,WD,Normal,130000
6,4275,2,44,20,RL,12,1,0,Inside,1Story,WD,Normal,180500
8,4448,2,10,160,FV,6,0,1,Inside,2Story,WD,Abnorml,172500
7,4300,2,2,60,RL,1,1,0,Corner,2Story,WD,Normal,196500
10,7300,3,0,60,RL,19,1,1,CulDSac,2Story,New,Partial,438780
5,2340,1,36,20,RL,1,0,1,Inside,1Story,WD,Normal,124900
6,3474,2,2,20,RL,13,1,0,Inside,1Story,New,Partial,158000
5,2752,1,87,75,RM,14,1,0,Inside,2.5Unf,WD,Normal,101000
8,4110,2,1,120,RL,11,1,1,Inside,1Story,WD,Normal,202500
7,3996,2,89,70,RM,8,1,1,Inside,2Story,WD,Normal,140000
7,5125,2,12,60,RL,1,1,1,Inside,2Story,WD,Normal,219500
8,6089,3,3,60,RL,11,1,1,Inside,2Story,WD,Normal,317000
7,6361,2,40,20,RL,12,0,1,Inside,1Story,WD,Normal,180000
7,4411,2,4,20,RL,1,1,1,Inside,1Story,WD,Normal,226000
4,2241,1,65,30,RM,8,0,0,Corner,1Story,WD,Normal,80000
7,5878,2,53,50,RL,20,1,0,Corner,1.5Fin,WD,Normal,225000
7,6669,2,34,20,RL,12,0,1,Inside,1Story,WD,Normal,244000
4,2535,2,25,20,RL,5,0,0,Corner,1Story,WD,Normal,129500
7,4268,2,11,60,RL,18,1,0,Corner,2Story,WD,Normal,185000
5,3258,2,56,20,RL,12,0,0,Inside,1Story,WD,Normal,144900
3,4050,1,95,50,RM,8,1,0,Corner,2Story,WD,Normal,107400
4,2438,1,36,180,RM,15,1,1,Inside,SLvl,WD,Normal,91000
4,2856,1,52,20,RL,12,0,0,Inside,1Story,WD,Normal,135750
5,3242,1,60,50,RM,9,0,0,Inside,1.5Fin,WD,Normal,127000
4,5304,0,42,90,RL,10,0,0,Inside,1Story,WD,Normal,136500
5,2900,2,99,50,RM,8,1,1,Corner,2Story,WD,Normal,110000
6,5180,1,41,60,RL,12,1,0,Corner,2Story,WD,Normal,193500
6,3911,2,8,120,RM,5,1,0,FR2,1Story,WD,Normal,153500
8,4689,3,1,20,RL,6,1,1,Inside,1Story,WD,Normal,245000
5,3195,2,47,20,RL,12,0,1,Inside,1Story,COD,Normal,126500
7,3332,2,14,80,RL,18,1,1,Inside,SLvl,WD,Normal,168500
8,6122,2,15,60,RL,4,1,1,Corner,2Story,WD,Normal,260000
6,3804,2,4,60,RL,18,1,1,Inside,2Story,WD,Normal,174000
6,3060,2,0,160,FV,6,1,0,Corner,2Story,New,Partial,164500
3,3552,0,94,50,C (all),14,1,0,Corner,1.5Fin,ConLD,Abnorml,85000
4,2970,0,13,20,RL,1,0,0,Inside,1Story,WD,Normal,123600
4,2080,2,56,20,RL,12,1,0,Inside,1Story,WD,Normal,109900
5,3705,2,45,20,RL,12,0,0,Inside,1Story,WD,Abnorml,98600
5,2804,2,88,30,RL,3,1,0,Inside,1Story,WD,Normal,163500
6,5796,2,97,190,C (all),8,1,0,Corner,2.5Unf,WD,Normal,133900
6,4396,2,10,60,RL,1,1,0,Inside,2Story,WD,Normal,204750
6,3620,2,16,60,RL,18,1,1,Corner,2Story,WD,Normal,185000
7,4764,2,7,20,RL,1,1,1,Inside,1Story,WD,Normal,214000
4,2880,1,42,20,RL,16,0,1,Inside,1Story,WD,Normal,94750
5,2128,1,90,30,RL,16,1,0,Corner,1Story,COD,Abnorml,83000
4,3400,0,51,20,RL,12,0,1,Inside,1Story,WD,Normal,128950
6,4830,2,33,20,RL,7,1,1,Inside,1Story,WD,Normal,205000
6,4205,2,25,60,RL,13,1,1,Inside,2Story,WD,Normal,178000
5,3070,2,30,90,RL,13,0,0,Inside,1Story,WD,Alloca,118964
7,3678,3,1,20,RL,1,1,0,Corner,1Story,WD,Normal,198900
7,4676,1,76,50,RM,14,1,0,Corner,1.5Fin,WD,Normal,169500
8,5037,2,5,60,FV,6,1,1,Inside,2Story,WD,Normal,250000
4,2735,1,122,30,RM,8,0,0,Inside,1Story,WD,Normal,100000
5,2367,1,60,20,RM,8,0,0,Inside,1Story,WD,Partial,115000
5,3827,0,88,50,RM,14,1,0,Corner,1.5Fin,WD,Normal,115000
6,5532,2,33,20,RL,7,1,0,Inside,1Story,COD,Normal,190000
6,4704,1,52,50,RL,16,0,1,Inside,1.5Fin,WD,Normal,136900
7,3244,2,10,80,RL,18,0,1,Inside,SLvl,WD,Normal,180000
7,6656,3,0,60,RL,1,1,1,Inside,2Story,New,Partial,383970
6,6327,2,54,20,RL,3,1,1,Corner,1Story,COD,Abnorml,217000
6,5668,1,62,70,RL,3,0,1,Inside,2Story,WD,Normal,259500
6,3645,2,8,160,FV,6,1,0,Corner,2Story,WD,Normal,176000
5,3276,1,47,20,RL,10,1,0,Inside,1Story,WD,Normal,139000
5,3375,2,1,20,RL,16,1,1,Corner,1Story,New,Partial,155000
7,8117,3,20,60,RL,13,0,1,Corner,2Story,WD,Normal,320000
6,3640,2,1,60,RL,1,1,0,Inside,2Story,New,Partial,163990
6,2914,2,37,80,RL,20,1,0,CulDSac,SLvl,WD,Normal,180000
4,2978,1,68,50,RM,14,1,0,Inside,1.5Fin,WD,Normal,100000
6,3240,1,50,20,RL,12,1,0,Corner,1Story,WD,Normal,136000
6,3597,2,15,120,RL,13,1,0,Inside,1Story,WD,Normal,153900
6,4534,2,30,20,RL,7,0,1,CulDSac,1Story,WD,Normal,181000
6,1794,0,71,190,RM,14,0,1,Inside,1.5Fin,WD,Normal,84500
6,2994,2,31,120,RL,21,1,0,Inside,1Story,WD,Normal,128000
5,2352,0,77,45,RM,8,0,0,Inside,1.5Unf,WD,Normal,87000
6,3356,2,40,60,RL,12,1,1,Inside,2Story,WD,Normal,155000
5,3114,2,48,20,RL,12,1,0,Inside,1Story,WD,Abnorml,150000
7,5238,2,40,60,RL,12,1,1,Corner,2Story,WD,Normal,226000
6,5100,2,9,60,RL,18,1,1,Corner,2Story,WD,Normal,244000
5,3717,2,48,20,RL,12,0,0,Corner,1Story,WD,Normal,150750
8,3859,2,8,20,RL,17,1,1,Inside,1Story,WD,Normal,220000
5,4903,2,38,20,RL,10,1,0,Inside,1Story,WD,Normal,180000
7,4668,2,38,20,RL,7,0,1,Inside,1Story,WD,Normal,174000
5,3642,1,40,20,RL,12,1,0,Corner,1Story,WD,Normal,143000
7,5825,3,18,90,RL,5,0,0,Inside,1Story,WD,Family,171000
8,4708,3,9,60,RL,1,1,1,Inside,2Story,WD,Normal,230000
6,4456,2,12,60,RL,1,1,1,Inside,2Story,WD,Normal,231500
4,2592,0,39,20,RL,12,0,0,FR2,1Story,ConLI,Normal,115000
7,5202,2,1,20,RL,1,1,1,Inside,1Story,WD,Normal,260000
5,3680,2,58,50,RL,12,0,0,Corner,1.5Fin,WD,Normal,166000
7,4492,2,10,20,RL,1,1,1,Inside,1Story,WD,Normal,204000
5,5184,2,43,90,RM,10,0,0,Inside,1Story,ConLI,Abnorml,125000
6,4388,2,2,160,RM,16,1,0,Inside,2Story,WD,Normal,130000
5,2465,1,78,30,RM,9,0,1,Corner,1Story,WD,Normal,105000
7,4954,2,9,60,RL,18,1,1,CulDSac,2Story,WD,Normal,222500
7,3240,0,4,20,RL,13,0,0,Inside,1Story,WD,Normal,141000
5,3584,1,70,50,RM,9,1,1,Inside,1.5Fin,WD,Normal,115000
5,2907,2,32,20,RL,1,0,0,Corner,1Story,WD,Normal,122000
8,5130,3,1,20,RL,11,1,0,Inside,1Story,New,Partial,372402
6,4811,2,35,60,RL,7,1,0,CulDSac,2Story,WD,Normal,190000
6,4106,2,48,20,RL,20,0,1,Inside,1Story,WD,Normal,235000
6,3600,1,83,30,RM,8,1,0,Corner,1Story,WD,Family,125000
6,2764,0,84,50,RL,16,1,0,Corner,1.5Fin,WD,Normal,79000
5,2080,2,56,20,RL,12,0,0,Inside,1Story,WD,Normal,109500
8,4710,3,1,60,RL,17,1,0,Corner,2Story,New,Partial,269500
7,4885,2,6,60,FV,6,1,0,Corner,2Story,WD,Normal,254900
7,6316,2,1,60,RL,18,1,1,Corner,2Story,New,Partial,320000
6,3696,2,24,20,RL,2,0,0,CulDSac,1Story,WD,Normal,162500
9,6908,3,5,60,RL,11,0,1,Inside,2Story,WD,Normal,412500
7,4623,2,5,20,RL,11,1,0,Corner,1Story,New,Partial,220000
4,2646,0,51,45,RL,8,0,0,Inside,1.5Unf,WD,Normal,103200
6,4381,1,81,40,RM,8,1,0,Corner,1Story,WD,Normal,152000
5,3354,0,68,190,RL,16,0,1,Inside,1.5Fin,WD,Normal,127500
5,5351,1,54,20,RL,20,1,1,Inside,1Story,COD,Normal,190000
8,5904,3,0,60,RL,11,1,1,Inside,2Story,New,Partial,325624
7,4280,2,3,60,RL,18,1,1,Inside,2Story,WD,Normal,183500
8,5100,2,25,20,RL,17,1,1,Corner,1Story,WD,Normal,228000
5,2956,2,66,50,RM,8,0,1,Inside,1.5Fin,WD,Normal,128500
6,4392,2,50,20,RL,12,1,1,Corner,1Story,WD,Normal,215000
7,4598,2,19,160,RL,19,1,1,Inside,2Story,WD,Normal,239000
6,4086,2,47,20,RL,12,1,0,Inside,1Story,COD,Normal,163000
6,4908,2,22,20,RL,17,0,1,Inside,1Story,WD,Normal,184000
6,5518,2,57,20,RL,16,1,0,Corner,1Story,WD,Normal,243000
6,5271,2,19,60,RL,20,1,0,Corner,2Story,WD,Normal,211000
5,4892,2,48,50,RL,10,0,0,Inside,1.5Fin,WD,Normal,172500
9,6684,3,1,20,RL,19,1,0,CulDSac,1Story,New,Partial,501837
5,2904,2,84,30,RM,8,1,0,Inside,1Story,WD,Normal,100000
6,3806,2,7,160,FV,6,0,0,Inside,2Story,WD,Normal,177000
7,4397,1,86,70,RL,3,1,0,Inside,2Story,WD,Normal,200100
5,2680,1,50,20,RL,16,1,1,Inside,1Story,WD,Normal,120000
7,5526,2,5,50,RM,8,1,1,Inside,1.5Fin,WD,Normal,200000
5,3008,2,98,50,RL,9,0,1,Inside,1.5Fin,WD,Normal,127000
10,7751,3,114,75,RM,8,1,0,Inside,2.5Fin,WD,Normal,475000
7,3622,2,19,80,RL,5,1,1,CulDSac,SLvl,WD,Normal,173000
5,3828,1,93,50,RL,8,1,0,Inside,1.5Fin,WD,Normal,135000
5,3534,2,30,90,RL,13,0,1,Inside,SFoyer,WD,Alloca,153337
8,4779,2,7,120,RL,19,1,0,Inside,1Story,WD,Normal,286000
8,6307,2,75,70,RL,3,1,0,Inside,2Story,WD,Normal,315000
7,3683,2,35,60,RL,12,1,0,CulDSac,2Story,WD,Normal,184000
7,4293,2,10,20,RL,1,1,0,Inside,1Story,WD,Normal,192000
7,4388,2,2,160,RM,16,1,0,Inside,2Story,WD,Normal,130000
5,2592,1,36,20,RL,1,0,0,Inside,1Story,WD,Normal,127000
6,3767,2,33,160,RL,21,0,1,FR2,2Story,WD,Normal,148500
7,5178,3,0,20,RL,6,1,1,Inside,1Story,New,Partial,311872
8,7192,2,88,75,RL,12,1,0,Corner,2Story,WD,Abnorml,235000
6,4842,0,97,75,RM,8,1,0,Corner,2.5Fin,WD,Abnorml,104000
8,5139,3,5,20,RL,11,1,0,Inside,1Story,WD,Normal,274900
4,3363,2,7,20,RM,16,1,1,Corner,1Story,WD,Normal,140000
6,3754,2,31,20,RL,5,1,1,Inside,1Story,WD,Normal,171500
6,3237,1,82,50,RL,8,1,0,Corner,1.5Fin,COD,Normal,112000
6,2544,2,4,120,RM,1,0,1,Inside,1Story,WD,Normal,149000
5,3288,1,62,50,RM,8,1,0,Inside,1.5Fin,WD,Normal,110000
7,4308,2,19,20,RL,18,1,0,Corner,1Story,WD,Normal,180500
5,4532,1,45,20,RL,10,1,0,CulDSac,1Story,WD,Normal,143900
4,3300,1,48,20,RL,12,0,1,Inside,1Story,WD,Normal,141000
7,5281,2,19,60,RL,13,1,1,Inside,2Story,WD,Normal,277000
6,3276,2,44,20,RL,12,0,0,Inside,1Story,WD,Normal,145000
5,2592,0,83,30,RL,16,1,0,Inside,1Story,WD,Normal,98000
6,3636,2,1,20,RL,16,1,1,Corner,1Story,WD,Normal,186000
7,4604,2,0,60,FV,6,1,1,Inside,2Story,New,Partial,252678
5,2970,2,11,20,RL,1,0,1,CulDSac,1Story,WD,Normal,156000
6,3473,1,33,60,RL,1,1,0,FR2,2Story,WD,Normal,161750
5,3542,1,49,20,RL,12,0,0,Inside,1Story,WD,Normal,134450
7,4308,2,4,20,RL,1,1,1,Inside,1Story,WD,Normal,210000
4,3342,1,81,70,RM,8,1,0,Inside,2Story,WD,Family,107000
7,4706,2,69,50,RL,3,1,0,Corner,1.5Fin,WD,Normal,311500
7,3744,2,1,120,RL,22,0,1,Inside,1Story,New,Partial,167240
7,4494,2,0,20,RL,1,1,1,Inside,1Story,New,Partial,204900
6,5544,2,7,60,RL,18,1,1,Inside,2Story,ConLI,Normal,200000
6,3817,2,31,60,RL,7,1,1,Inside,2Story,WD,Normal,179900
4,2592,2,38,20,RL,12,0,1,FR2,1Story,WD,Abnorml,97000
10,7176,3,6,20,RL,11,1,1,Inside,1Story,WD,Normal,386250
5,3234,1,38,160,RM,23,0,0,Inside,2Story,COD,Abnorml,112000
7,6243,3,12,60,RL,4,1,1,Inside,2Story,WD,Abnorml,290000
6,2457,1,38,160,RM,23,0,0,Inside,2Story,WD,Normal,106000
5,2736,1,43,20,RL,10,0,0,FR2,1Story,WD,Normal,125000
7,4483,2,4,120,RL,22,1,1,Inside,1Story,WD,Normal,192500
6,3582,1,51,20,RL,12,1,0,Inside,1Story,WD,Normal,148000
8,7050,3,14,60,RL,4,1,0,Inside,2Story,WD,Normal,403000
6,2457,1,34,160,RM,23,0,0,Inside,2Story,WD,Normal,94500
5,2682,1,34,20,RL,1,0,1,Corner,1Story,WD,Normal,128200
6,4780,2,8,60,RL,18,1,1,Inside,2Story,WD,Normal,216500
6,2457,1,37,160,RM,23,0,0,Inside,2Story,WD,Normal,89500
7,4242,2,6,20,RL,1,1,1,FR2,1Story,WD,Normal,185500
7,4484,2,17,60,RL,13,1,1,CulDSac,2Story,WD,Normal,194500
8,5082,3,0,20,RL,11,1,1,Inside,1Story,New,Partial,318000
6,3709,1,65,50,RL,16,1,0,Inside,1.5Fin,WD,Normal,113000
8,4698,2,2,20,FV,6,1,1,Inside,1Story,WD,Normal,262500
5,2418,0,62,30,RM,8,1,1,Inside,1Story,WD,Normal,110500
5,3420,1,106,50,RM,8,1,0,Corner,1.5Fin,WD,Normal,79000
6,3060,1,29,160,RL,13,1,0,Corner,2Story,WD,Normal,120000
7,5168,2,16,60,RL,13,1,0,Inside,2Story,WD,Normal,205000
7,5589,2,18,20,RL,7,1,1,Inside,1Story,WD,Normal,241500
6,4876,1,96,190,RM,8,1,0,Inside,2Story,WD,Normal,137000
6,4117,2,52,20,RL,12,1,0,Inside,1Story,WD,Normal,140000
7,4176,2,4,60,RL,1,1,1,Inside,2Story,WD,Normal,180000
6,5732,2,49,50,RL,20,1,0,CulDSac,1.5Fin,WD,Normal,277000
3,3340,0,70,30,RL,9,0,1,Inside,1Story,WD,Normal,76500
8,4823,2,1,120,RM,3,1,1,Inside,1Story,WD,Family,235000
6,4078,2,4,60,RL,13,1,1,Inside,2Story,WD,Normal,173000
6,3906,1,43,80,RL,12,0,1,Inside,SLvl,CWD,Normal,158000
5,3942,1,53,20,RL,12,0,1,Inside,1Story,WD,Normal,145000
7,5557,2,7,60,RL,18,0,1,Inside,2Story,WD,Normal,230000
6,4320,2,5,60,FV,6,1,1,Inside,2Story,WD,Normal,207500
7,4812,2,3,20,RL,1,1,1,Inside,1Story,WD,Abnorml,220000
7,4547,2,7,60,RL,1,1,0,Inside,2Story,WD,Normal,231500
5,1764,1,52,20,RM,8,1,0,Inside,1Story,WD,Normal,97000
6,4126,2,47,80,RL,12,1,0,Corner,SLvl,WD,Normal,176000
8,6630,3,0,60,RL,1,1,0,Inside,2Story,New,Partial,276000
6,2930,2,29,80,RL,10,1,1,Corner,SLvl,WD,Normal,151000
5,3168,2,81,50,RM,8,0,0,Corner,1.5Fin,WD,Normal,130000
5,2208,2,83,30,RM,8,0,0,Inside,1Story,WD,Normal,73000
6,4266,2,27,20,RL,7,0,1,Inside,1Story,WD,Normal,175500
6,3824,2,9,60,RL,18,1,1,FR2,2Story,WD,Normal,185000
5,4684,1,69,75,RL,24,1,1,Inside,2.5Fin,WD,Normal,179500
5,2296,1,68,30,RM,14,1,0,Inside,1Story,WD,Normal,120500
6,3369,1,31,20,RL,16,1,1,Corner,1Story,WD,Normal,148000
8,4973,3,0,60,FV,6,1,1,Inside,2Story,New,Partial,266000
7,4111,2,54,20,RL,20,0,1,CulDSac,1Story,WD,Normal,241500
8,5692,3,11,60,RL,4,1,1,CulDSac,2Story,WD,Normal,290000
6,4504,1,51,20,RL,12,0,1,Inside,1Story,WD,Normal,139000
5,2448,1,25,20,RL,5,0,1,Corner,1Story,WD,Normal,124500
7,4048,2,84,50,RL,9,1,1,Inside,1.5Fin,WD,Normal,205000
7,4680,2,7,20,RL,5,1,1,Inside,1Story,WD,Normal,201000
4,2592,2,59,20,RL,18,0,0,Corner,1Story,WD,Normal,141000
9,6363,3,1,20,RL,11,1,1,Inside,1Story,New,Partial,415298
7,5204,2,31,60,RL,20,1,1,Inside,2Story,WD,Normal,192000
7,4771,2,18,60,RL,13,1,0,Inside,2Story,WD,Normal,228500
6,3786,2,0,20,FV,6,1,0,Inside,1Story,New,Partial,185000
7,3942,2,2,120,RL,11,1,1,Inside,1Story,ConLw,Normal,207500
8,4404,3,1,20,RL,6,1,1,Inside,1Story,New,Partial,244600
6,4725,2,15,120,RL,13,1,0,Inside,1Story,WD,Normal,179200
7,3125,2,1,160,FV,6,1,0,Inside,2Story,New,Partial,164700
6,4380,2,44,50,RL,12,1,0,Inside,1.5Fin,WD,Normal,159000
4,2574,0,35,20,RL,12,0,0,Corner,1Story,WD,Normal,88000
5,2682,1,43,20,RL,10,0,0,Inside,1Story,WD,Normal,122000
6,3490,1,92,70,RL,9,1,0,Inside,2Story,WD,Normal,153575
8,4917,2,0,60,RL,1,1,0,Inside,2Story,New,Partial,233230
5,4212,0,96,190,RL,24,1,0,Inside,2Story,WD,Normal,135900
5,4200,1,60,50,RL,16,1,0,Inside,1.5Fin,WD,Normal,131000
7,5321,2,29,60,RL,7,1,0,Corner,2Story,WD,Normal,235000
6,4704,2,56,20,RL,12,0,1,Inside,1Story,WD,Normal,167000
6,3009,2,22,80,RL,5,0,1,CulDSac,SLvl,WD,Normal,142500
5,4026,1,57,50,RM,14,0,1,Inside,1.5Fin,WD,Normal,152000
7,4875,2,10,60,FV,6,1,0,Inside,2Story,WD,Normal,239000
6,4188,2,39,60,RL,7,0,1,Inside,2Story,WD,Normal,175000
6,3396,1,59,20,RL,3,1,0,Inside,1Story,WD,Family,158500
5,3837,1,53,190,RL,3,0,0,Corner,1Story,WD,Normal,157000
8,5932,2,9,60,RL,1,1,1,Inside,2Story,WD,Normal,267000
7,4623,3,5,20,RL,1,1,1,Corner,1Story,WD,Normal,205000
5,2682,2,34,20,RL,1,0,1,Corner,1Story,WD,Abnorml,149900
7,8456,3,128,75,RM,8,0,1,Inside,2.5Fin,WD,Normal,295000
8,6000,3,3,20,RL,1,0,1,Inside,1Story,WD,Normal,305900
7,5186,3,17,60,RL,13,1,1,Inside,2Story,WD,Normal,225000
6,3131,0,88,50,RM,14,1,0,Inside,1.5Fin,WD,Normal,89500
4,2583,2,69,30,RL,16,0,1,Inside,1Story,WD,Normal,82500
9,5784,3,3,20,RL,11,1,1,Inside,1Story,WD,Normal,360000
6,3699,2,13,60,RL,18,1,1,Inside,2Story,WD,Normal,165600
6,2916,1,61,20,RL,12,0,0,Inside,1Story,WD,Normal,132000
5,3029,2,67,190,RM,8,1,0,Inside,1.5Fin,WD,Normal,119900
7,6208,2,44,20,RL,17,0,0,Inside,1Story,WD,Normal,375000
7,4010,2,81,70,RM,8,1,0,Inside,2Story,WD,Normal,178000
7,3580,2,5,60,RL,18,1,1,Inside,2Story,WD,Normal,188500
7,5551,2,29,60,RL,7,1,1,Corner,2Story,WD,Normal,260000
8,5006,3,1,60,FV,6,1,1,Inside,2Story,WD,Normal,270000
7,6639,3,16,60,RL,4,1,1,Inside,2Story,WD,Normal,260000
7,4316,2,29,80,RL,7,1,1,Inside,SLvl,WD,Normal,187500
9,6441,3,0,60,RL,11,1,1,Corner,2Story,New,Partial,342643
8,6072,3,3,60,RL,11,1,1,Inside,2Story,WD,Normal,354000
7,6962,2,21,60,RL,13,1,1,Inside,2Story,WD,Normal,301000
3,3488,1,51,20,RM,8,1,1,Inside,1Story,WD,Normal,126175
7,6666,2,43,80,RL,12,0,1,Corner,SLvl,WD,Normal,242000
5,2326,2,66,45,RM,14,1,0,Inside,1.5Unf,WD,Normal,87000
8,5157,2,15,120,RL,2,1,1,CulDSac,1Story,Con,Normal,324000
6,4149,1,46,20,RL,12,1,0,Inside,1Story,WD,Normal,145250
6,5112,2,93,75,RL,9,1,0,Inside,2.5Unf,WD,Normal,214500
5,2980,1,89,70,RM,14,1,0,Corner,2Story,WD,Normal,78000
5,5184,1,43,90,RL,12,0,1,Inside,1Story,WD,Normal,119000
5,3168,1,49,20,RL,12,0,0,Inside,1Story,WD,Normal,139000
8,6464,3,6,20,RL,11,0,0,Inside,1Story,WD,Normal,284000
7,4074,2,4,120,RM,11,1,1,FR3,1Story,WD,Normal,207000
6,4219,2,10,60,RL,18,1,1,Inside,2Story,WD,Normal,192000
5,5071,2,43,190,RL,17,0,1,Corner,1.5Fin,WD,Normal,228950
9,5766,3,2,20,RL,19,1,1,Corner,1Story,WD,Normal,377426
7,4608,2,6,20,RL,1,1,1,Inside,1Story,WD,Normal,214000
7,4450,2,22,20,RL,7,1,1,Corner,1Story,WD,Normal,202500
6,3645,1,51,20,RL,12,1,0,Inside,1Story,WD,Normal,155000
8,4783,2,8,60,RL,17,0,1,Inside,2Story,WD,Normal,202900
4,2403,1,59,20,RH,13,1,1,Inside,1Story,WD,Normal,82000
3,2080,2,57,90,RL,12,0,0,Inside,1Story,WD,Normal,87500
9,5052,2,3,120,RL,11,1,1,Inside,1Story,WD,Normal,266000
5,2760,1,34,160,RM,15,0,1,Inside,2Story,WD,Normal,85000
6,4126,1,67,50,RL,9,0,0,Inside,1.5Fin,WD,Normal,140200
6,2874,1,47,20,RL,12,0,0,CulDSac,1Story,WD,Normal,151500
6,4434,2,49,20,RL,12,1,0,Inside,1Story,WD,Normal,157500
7,4016,2,5,160,RL,11,1,0,Inside,2Story,WD,Normal,154000
9,7304,3,1,60,RL,11,0,0,Inside,2Story,New,Partial,437154
9,5607,2,0,120,RL,11,1,1,Inside,1Story,New,Partial,318061
7,4359,2,20,120,RL,20,1,0,Inside,1Story,WD,Abnorml,190000
5,2838,1,67,50,RL,16,0,1,Inside,1.5Fin,ConLw,Normal,95000
6,2064,2,82,30,RM,8,0,1,Inside,1Story,WD,Normal,105900
6,4130,1,66,50,RL,24,1,0,Inside,1.5Fin,WD,Normal,140000
6,3600,2,12,20,RL,1,1,0,Inside,1Story,WD,Normal,177500
6,3492,2,17,20,RL,18,1,1,Inside,1Story,WD,Normal,173000
5,3426,2,31,120,RM,15,1,1,Inside,1Story,WD,Normal,134000
5,3766,1,48,80,RL,20,1,1,Inside,SLvl,WD,Abnorml,130000
8,4934,2,8,60,RL,4,1,1,CulDSac,2Story,WD,Normal,280000
6,2712,2,29,85,RL,5,1,0,CulDSac,SFoyer,WD,Normal,156000
5,3893,1,68,50,RL,9,0,0,Inside,1.5Fin,WD,Normal,145000
7,3844,2,6,85,RL,16,1,0,Corner,SFoyer,ConLD,Normal,198500
6,2457,1,37,160,RM,23,0,1,Inside,2Story,WD,Normal,118000
6,3944,2,30,60,RL,7,1,1,FR2,2Story,WD,Normal,190000
5,3360,1,89,70,RM,14,1,0,Inside,2Story,WD,Normal,147000
6,4182,2,46,20,RL,12,1,0,Inside,1Story,WD,Normal,159000
6,3961,1,46,80,RL,12,1,1,Corner,SLvl,WD,Normal,165000
5,3804,1,56,20,RL,12,1,0,Inside,1Story,WD,Normal,132000
5,3637,2,51,20,RL,12,1,1,Corner,1Story,WD,Normal,162000
6,4281,2,6,60,RL,18,1,1,Inside,2Story,WD,Normal,172400
4,3176,2,49,50,RL,20,1,0,Inside,1.5Fin,WD,Normal,134432
6,2248,1,26,120,RL,13,1,1,Inside,1Story,WD,Normal,125000
5,3246,1,56,20,RL,12,0,1,Inside,1Story,WD,Normal,123000
7,4703,2,4,60,RL,1,1,1,Inside,2Story,WD,Normal,219500
1,2491,0,87,30,RL,16,0,0,Inside,1Story,WD,Normal,61000
5,2698,2,10,85,RL,1,0,0,CulDSac,SFoyer,WD,Normal,148000
8,6512,2,3,60,FV,6,1,1,Corner,2Story,WD,Normal,340000
9,5568,3,0,20,RL,19,0,1,Corner,1Story,New,Partial,394432
6,4582,2,9,60,RL,18,1,1,Inside,2Story,WD,Normal,179000
5,4408,1,86,50,RL,24,1,0,Inside,1.5Fin,WD,Normal,127000
7,3895,2,0,20,FV,6,1,1,Inside,1Story,New,Partial,187750
7,4533,2,1,60,RL,1,1,1,Inside,2Story,WD,Normal,213500
6,2352,2,81,45,RH,13,1,0,Corner,1.5Unf,WD,Normal,76000
6,5486,2,15,60,RL,20,1,1,Corner,2Story,WD,Normal,240000
8,3794,2,6,120,RL,22,1,1,Inside,1Story,WD,Normal,192000
5,3026,0,96,50,RL,16,1,0,FR2,1.5Fin,WD,AdjLand,81000
6,3291,1,33,80,RL,16,0,1,Inside,SLvl,WD,Abnorml,125000
7,4426,2,9,20,RL,1,1,1,CulDSac,1Story,WD,Normal,191000
10,6346,3,1,60,RL,11,1,1,Inside,2Story,New,Partial,426000
5,3595,1,108,50,RL,16,1,0,Inside,1.5Fin,WD,Normal,119000
6,4726,2,8,60,RL,5,1,1,CulDSac,2Story,WD,Normal,215000
5,1764,1,48,20,RL,12,0,0,Inside,1Story,WD,Normal,106500
4,2364,0,65,30,RL,9,0,0,Corner,1Story,WD,Abnorml,100000
5,2803,1,67,50,RL,8,1,0,Inside,1.5Fin,WD,Normal,109000
5,3432,1,54,20,RL,16,0,1,Inside,1Story,WD,Normal,129000
5,2682,2,37,20,RL,1,0,1,Inside,1Story,WD,Normal,123000
5,4488,1,45,60,RL,12,1,0,Inside,2Story,WD,Normal,169500
5,3115,1,87,30,RM,14,0,0,Corner,1Story,WD,Abnorml,67000
7,4192,2,3,60,FV,6,1,0,Inside,2Story,WD,Normal,241000
8,3836,2,12,120,RL,2,1,1,Inside,1Story,WD,Normal,245500
7,3930,2,1,20,RL,1,0,0,Inside,1Story,New,Partial,164990
5,2016,1,68,30,RL,10,0,1,Inside,1Story,WD,Normal,108000
8,5667,2,8,60,RL,4,1,1,Corner,2Story,WD,Abnorml,258000
6,3950,2,12,60,RL,18,1,0,Inside,2Story,WD,Normal,168000
4,4521,2,33,20,RL,10,1,1,Corner,1Story,WD,Normal,150000
6,3869,1,72,50,RL,24,0,0,Inside,1.5Fin,WD,Normal,115000
6,4200,1,93,70,RL,3,1,0,Inside,2Story,WD,Normal,177000
7,5407,3,1,60,RL,11,1,1,Corner,2Story,New,Partial,280000
8,5190,3,1,60,FV,6,1,0,Inside,2Story,New,Partial,339750
5,3828,1,51,20,RL,16,0,0,Inside,1Story,COD,Abnorml,60000
5,3168,2,51,190,RL,18,0,1,Inside,1Story,WD,Normal,145000
7,4426,2,1,20,FV,6,1,0,Inside,1Story,New,Partial,222000
5,3064,2,83,30,RM,8,1,0,Inside,1Story,WD,Normal,115000
7,5274,3,15,60,RL,13,1,1,CulDSac,2Story,WD,Normal,228000
7,4020,2,0,20,RL,18,1,1,Inside,1Story,New,Partial,181134
6,3472,2,28,60,RL,10,0,0,Inside,2Story,WD,Normal,149500
6,6618,3,89,70,RL,3,0,0,Inside,2Story,WD,Normal,239000
5,3024,1,67,50,RL,16,0,0,Inside,1.5Fin,WD,AdjLand,126000
5,3168,1,42,20,RL,12,1,0,Inside,1Story,WD,Normal,142000
7,4032,4,11,90,RM,5,0,0,Inside,SFoyer,WD,Alloca,206300
6,4806,2,32,20,RL,7,0,1,FR2,1Story,WD,Normal,215000
5,2964,2,54,20,RL,5,0,0,Inside,1Story,WD,Normal,113000
8,6730,3,10,60,RL,4,1,0,Inside,2Story,WD,Normal,315000
6,3588,1,52,20,RL,12,1,0,Inside,1Story,WD,Normal,139000
7,3429,1,63,60,RM,8,1,0,Inside,2Story,WD,Normal,135000
7,4806,2,20,80,RL,13,1,1,Inside,SLvl,WD,Normal,275000
4,2721,1,51,20,RL,12,0,0,Inside,1Story,WD,Normal,109008
7,3624,2,0,20,RL,1,1,1,Inside,1Story,New,Partial,195400
6,4216,2,21,20,RL,17,1,0,Corner,1Story,WD,Normal,175000
6,2457,1,37,160,RM,23,0,0,Inside,2Story,COD,Abnorml,85400
6,3297,0,88,50,RM,8,1,0,Inside,1.5Fin,ConLD,Abnorml,79900
5,3495,2,36,160,RM,23,1,1,Inside,2Story,WD,Normal,122500
6,4134,2,11,60,RL,18,1,0,Corner,2Story,WD,Normal,181000
4,1890,0,36,180,RM,15,0,1,Inside,SFoyer,WD,Normal,81000
7,4121,2,13,60,RL,1,1,1,CulDSac,2Story,ConLw,Normal,212000
6,2884,2,86,50,RM,8,0,0,Inside,1.5Fin,WD,Normal,116000
6,2692,1,83,45,RM,9,1,0,Inside,1.5Unf,WD,Normal,119000
5,1828,1,94,30,RL,3,1,0,Inside,1Story,WD,Normal,90350
6,3076,2,89,50,RL,16,1,0,Corner,1.5Fin,ConLI,Normal,110000
10,7898,3,1,20,RL,11,1,0,Inside,1Story,WD,Normal,555000
4,4320,0,53,90,RL,16,0,0,Inside,1Story,WD,Normal,118000
5,4224,2,78,50,RM,9,0,0,Inside,1.5Fin,WD,Normal,162900
7,3774,3,1,120,RL,22,1,1,Inside,1Story,New,Partial,172500
7,4731,2,14,60,RL,1,1,1,Inside,2Story,WD,Normal,210000
6,4814,2,53,20,RL,16,0,0,Corner,1Story,COD,Normal,127500
6,5293,2,44,20,RL,12,0,0,Corner,1Story,WD,Normal,190000
7,4702,2,8,60,RL,18,0,1,Corner,2Story,WD,Normal,199900
6,3532,1,69,50,RM,14,0,0,Inside,1.5Fin,WD,Normal,119500
3,3015,1,59,50,RM,8,1,0,Inside,1.5Fin,WD,Normal,120000
6,2439,1,76,30,RM,8,1,0,Inside,1Story,WD,Normal,110000
7,4599,2,31,20,RL,20,1,1,Inside,1Story,WD,Normal,280000
6,4384,2,11,60,RL,17,1,1,Corner,2Story,WD,Normal,204000
8,3948,2,1,60,FV,6,1,0,Inside,2Story,WD,Normal,210000
5,5184,2,30,90,RL,5,0,0,Inside,1Story,WD,Family,188000
7,3726,2,34,20,RL,7,0,0,Inside,1Story,WD,Normal,175500
5,3312,3,92,70,RM,8,1,0,Inside,2Story,COD,Abnorml,98000
4,4690,2,54,20,RL,20,1,1,CulDSac,1Story,WD,Normal,256000
8,3920,1,83,70,RM,8,1,1,Inside,2Story,WD,Normal,161000
5,3115,1,59,50,RL,9,1,0,Corner,1.5Fin,WD,Normal,110000
8,4702,2,0,60,FV,6,1,0,Inside,2Story,New,Partial,263435
7,2830,2,73,70,RL,24,0,1,Inside,2Story,WD,Normal,155000
5,2592,1,44,20,RL,10,1,0,Inside,1Story,WD,Normal,62383
6,4035,1,74,70,RL,3,0,0,Inside,2Story,WD,Normal,188700
5,3120,0,31,20,RL,1,0,0,Inside,1Story,WD,Normal,124000
7,4203,2,2,120,RM,22,1,1,Inside,1Story,WD,Normal,178740
7,3831,2,37,20,RL,12,1,0,Inside,1Story,WD,Normal,167000
5,4016,1,65,70,RL,12,0,1,Inside,2Story,WD,Normal,146500
8,4894,3,1,20,RL,11,1,0,Inside,1Story,WD,Normal,250000
6,4252,2,15,60,RL,13,1,1,Corner,2Story,WD,Normal,187000
8,4492,2,25,120,RL,19,1,0,Corner,1Story,WD,Normal,212000
7,4746,2,30,60,RL,7,1,0,Inside,2Story,WD,Normal,190000
6,2691,2,3,180,RM,16,1,0,Inside,SLvl,WD,Normal,148000
8,5928,3,1,20,RL,11,1,1,Inside,1Story,New,Partial,440000
8,4798,2,7,120,RL,19,1,1,Inside,1Story,WD,Normal,251000
5,2910,2,44,20,RL,10,1,0,Corner,1Story,WD,Normal,132500
6,4464,2,11,20,RL,1,1,1,Inside,1Story,WD,Normal,208900
9,7439,3,1,60,RL,11,1,1,Inside,2Story,WD,Normal,380000
8,5141,3,2,20,RL,1,1,1,Inside,1Story,WD,Normal,297000
4,3169,2,70,30,RM,8,1,0,Inside,1Story,WD,Alloca,89471
9,5533,3,2,20,RL,11,1,1,FR2,1Story,WD,Normal,326000
9,5376,3,3,20,RL,11,1,1,Inside,1Story,WD,Normal,374000
7,4562,1,94,70,RM,8,0,0,Corner,2Story,WD,Normal,155000
6,3648,2,8,120,RM,5,1,0,FR2,1Story,WD,Normal,164000
5,2997,1,45,20,RL,10,1,0,Corner,1Story,WD,Normal,132500
5,3339,1,59,20,RL,12,1,0,Inside,1Story,WD,Normal,147000
5,3219,2,42,20,RL,12,0,0,Inside,1Story,WD,Normal,156000
5,4452,2,36,20,RL,7,1,1,Inside,1Story,WD,Normal,175000
5,5782,2,106,190,RL,8,0,1,Corner,1.5Fin,ConLD,Normal,160000
4,1890,1,39,180,RM,15,0,0,Inside,SFoyer,WD,Normal,86000
5,2872,1,32,160,RM,15,1,1,Inside,2Story,WD,Normal,115000
6,3962,1,65,50,RL,12,1,0,Inside,1.5Fin,WD,Normal,133000
6,3640,2,0,60,RL,18,0,0,Corner,2Story,New,Partial,172785
5,3807,1,48,20,RL,12,0,0,Inside,1Story,WD,Normal,155000
5,1962,1,71,30,RM,8,1,1,Inside,1Story,WD,Normal,91300
4,2160,0,89,30,C (all),14,1,0,Inside,1Story,WD,Abnorml,34900
8,9656,2,15,20,RL,4,1,1,Inside,1Story,WD,Normal,430000
7,4666,1,83,50,RL,9,1,0,Inside,1.5Fin,WD,Normal,184000
5,2662,1,42,20,RL,10,0,1,Inside,1Story,WD,Normal,130000
5,2736,1,49,20,RL,12,1,1,Inside,1Story,WD,Normal,120000
6,3108,1,34,160,RM,23,1,1,Inside,2Story,WD,Normal,113000
7,4402,2,3,60,FV,6,1,0,Inside,2Story,WD,Normal,226700
5,3642,2,42,20,RL,16,1,0,Corner,1Story,WD,Normal,140000
7,5103,2,51,20,RL,3,1,0,Inside,1Story,WD,Normal,289000
6,3499,2,35,160,RL,21,0,1,Inside,2Story,WD,Normal,147000
5,4880,2,57,90,RM,8,0,0,Inside,2Story,COD,Normal,124500
8,4599,2,13,60,RL,13,1,1,Inside,2Story,WD,Normal,215000
6,3654,2,0,20,FV,6,1,0,Inside,1Story,New,Partial,208300
7,3445,2,80,70,RM,8,1,0,Inside,2Story,WD,Normal,161000
5,3123,1,50,20,RL,12,1,1,Corner,1Story,WD,Normal,124500
5,3734,1,58,20,RL,12,1,1,Inside,1Story,WD,Normal,164900
7,4104,2,1,120,RL,11,1,1,Inside,1Story,New,Partial,202665
5,2592,2,48,20,RL,12,0,0,Corner,1Story,WD,Normal,129900
6,3244,2,24,20,RL,5,1,1,Corner,1Story,WD,Normal,134000
5,2346,1,81,45,RL,3,1,0,Inside,1.5Unf,WD,Normal,96500
10,6046,3,0,20,RL,11,1,1,Inside,1Story,New,Partial,402861
6,4927,2,37,80,RL,7,1,0,Corner,SLvl,COD,Abnorml,158000
7,5952,3,13,60,RL,4,0,1,Inside,2Story,WD,Normal,265000
6,4386,2,9,60,RL,1,1,0,CulDSac,2Story,WD,Normal,211000
7,5436,1,83,70,RL,3,1,0,Inside,2Story,WD,Normal,234000
4,2588,0,108,190,RL,8,1,1,Inside,2Story,WD,Normal,106250
6,3732,1,50,20,RL,12,1,0,Corner,1Story,WD,Normal,150000
6,4332,2,59,50,RM,9,1,0,Corner,1.5Fin,WD,Normal,159000
10,10000,3,0,60,RL,16,1,1,Inside,2Story,New,Partial,184750
7,6175,3,11,60,RL,4,1,1,Inside,2Story,WD,Normal,315750
7,3789,2,1,20,FV,6,1,1,Inside,1Story,WD,Normal,176000
5,2784,1,51,20,RL,12,1,1,Inside,1Story,WD,Normal,132000
9,6878,3,0,60,RL,11,1,1,Inside,2Story,New,Partial,446261
4,1738,0,87,30,RL,16,1,0,Inside,1Story,WD,Normal,86000
6,7065,2,50,20,RL,3,1,0,CulDSac,1Story,WD,Alloca,200624
6,4479,2,20,80,RL,17,0,1,Inside,SLvl,WD,Abnorml,175000
6,3335,2,88,70,RM,9,1,0,FR3,2Story,WD,Normal,128000
5,1654,1,55,20,RL,12,0,0,Inside,1Story,WD,Normal,107500
1,668,0,61,20,RL,9,0,0,Inside,1Story,WD,Normal,39300
8,3535,2,2,60,RL,18,1,1,Inside,2Story,WD,Normal,178000
5,3811,0,98,190,RL,16,1,1,Inside,2Story,WD,Normal,107500
7,4328,2,10,60,RL,1,1,1,CulDSac,2Story,WD,Normal,188000
4,2592,2,36,20,RL,12,0,1,FR2,1Story,COD,Normal,111250
5,3369,1,38,20,RL,10,0,1,Inside,1Story,WD,Normal,158000
8,4783,2,9,20,RL,1,0,1,Inside,1Story,WD,Normal,272000
9,5514,3,3,20,RL,17,1,1,Inside,1Story,WD,Normal,315000
8,5539,3,7,60,RL,4,1,0,FR2,2Story,WD,Normal,248000
7,5010,2,11,20,RL,7,1,1,Inside,1Story,WD,Normal,213250
7,2257,1,9,120,RH,12,1,1,Inside,SFoyer,WD,Normal,133000
7,3646,2,0,60,RL,18,1,1,Inside,2Story,New,Partial,179665
7,5570,3,18,50,RL,7,0,0,Corner,1.5Fin,WD,Normal,229000
6,4335,2,84,50,RL,9,1,0,Inside,1.5Fin,WD,Normal,210000
5,2304,2,37,85,RL,5,0,1,Inside,SFoyer,WD,Normal,129500
5,2475,2,53,20,RM,8,1,1,Inside,1Story,WD,Normal,125000
7,5100,2,6,60,FV,6,1,1,Inside,2Story,WD,Normal,263000
6,3207,2,31,120,RL,21,1,0,Inside,1Story,COD,Abnorml,140000
5,2784,1,51,20,RM,8,0,0,Inside,1Story,WD,Normal,112500
8,5143,3,3,20,RL,11,1,1,Inside,1Story,WD,Normal,255500
4,2252,2,60,20,RL,16,1,0,Inside,1Story,WD,Normal,108000
7,5090,3,5,60,RL,11,1,1,Inside,2Story,WD,Normal,284000
5,3089,1,84,45,RM,9,1,0,Inside,1.5Unf,WD,Normal,113000
5,3276,1,49,20,RL,12,1,1,Inside,1Story,WD,Normal,141000
4,3309,1,86,50,C (all),14,1,0,Inside,1.5Fin,COD,Normal,108000
7,3621,2,12,60,RL,18,1,1,FR2,2Story,WD,Normal,175000
7,4488,2,3,120,RL,22,1,1,Inside,1Story,WD,Normal,234000
5,4176,2,53,20,RL,10,1,0,Inside,1Story,WD,Normal,121500
5,4167,2,32,20,RL,5,1,1,Inside,1Story,WD,Normal,170000
5,2988,0,68,30,RL,16,0,1,Inside,1Story,WD,Normal,108000
6,4511,2,90,50,RL,16,1,1,Inside,1.5Fin,WD,Normal,185000
7,5685,2,14,60,RL,4,1,0,CulDSac,2Story,WD,Normal,268000
6,4100,1,95,70,RL,24,1,0,Corner,2Story,WD,Normal,128000
9,6130,3,3,60,RL,19,1,1,Inside,2Story,WD,Normal,325000
7,4587,2,6,20,RL,11,0,0,Inside,1Story,WD,Normal,214000
8,5760,2,26,50,RL,13,1,1,Inside,1.5Fin,WD,Normal,316600
5,2829,2,27,90,RL,12,0,1,Corner,SFoyer,WD,Normal,135960
5,5184,2,43,90,RL,12,0,0,Inside,1Story,WD,Normal,142600
6,2592,1,47,20,RL,12,0,1,Inside,1Story,WD,Abnorml,120000
7,4230,2,0,60,RL,17,1,1,Corner,2Story,New,Partial,224500
7,3244,2,7,80,RL,18,0,1,Inside,SLvl,WD,Normal,170000
5,2590,1,36,80,RL,12,0,1,FR2,SLvl,WD,Normal,139000
5,3264,1,61,50,RL,12,1,1,Inside,1.5Fin,COD,Abnorml,118500
7,3815,1,81,50,RL,24,1,0,Inside,1.5Fin,WD,Normal,145000
5,3804,2,40,80,RL,10,1,1,Inside,SLvl,WD,Abnorml,164500
7,3473,2,1,160,FV,6,1,0,Corner,2Story,WD,Abnorml,146000
5,4640,1,54,50,RM,8,0,0,Inside,1.5Fin,WD,Normal,131500
6,4002,2,47,20,RL,12,1,1,CulDSac,1Story,WD,Normal,181900
8,6126,3,1,20,RL,11,1,0,Inside,1Story,New,Partial,253293
6,2448,0,17,90,RL,16,1,0,Inside,SFoyer,WD,Normal,118500
10,6787,2,115,75,RM,8,1,1,Inside,2.5Unf,WD,Normal,325000
4,4030,1,74,50,RM,9,1,0,Inside,1.5Fin,WD,Normal,133000
8,5924,3,1,20,RL,17,1,1,Inside,1Story,New,Partial,369900
6,2492,1,90,30,RL,9,1,0,Inside,1Story,WD,Normal,130000
5,2560,2,27,85,RL,10,0,0,Inside,SFoyer,WD,Normal,137000
5,4383,1,41,20,RL,20,1,0,Inside,1Story,WD,Partial,143000
5,2456,1,78,40,RM,9,0,0,Inside,1Story,WD,Normal,79500
7,3934,2,4,60,RL,1,1,0,Inside,2Story,WD,Normal,185900
10,6314,3,1,60,RL,11,1,1,Corner,2Story,ConLI,Normal,451950
5,2448,2,26,20,RL,5,0,0,Inside,1Story,WD,Normal,138000
6,2544,2,6,120,RM,1,0,1,Inside,1Story,WD,Normal,140000
5,2772,1,33,20,RL,1,0,0,Inside,1Story,WD,Normal,110000
8,5466,3,1,20,RL,19,1,1,Inside,1Story,New,Partial,319000
6,3420,1,96,70,RM,8,1,0,Inside,2Story,WD,Normal,114504
7,4062,3,1,120,RL,22,1,1,Inside,1Story,New,Partial,194201
5,4724,2,29,20,RL,3,0,0,Inside,1Story,WD,Normal,217500
6,3828,2,28,160,RM,25,0,1,Inside,2Story,COD,Normal,151000
8,4866,2,1,60,RL,11,1,1,Inside,2Story,WD,Normal,275000
6,3530,1,70,50,RM,14,1,0,Inside,1.5Fin,WD,Normal,141000
8,4738,2,14,60,RL,13,1,1,Inside,2Story,WD,Abnorml,220000
7,3000,2,6,160,FV,6,1,0,Inside,2Story,WD,Normal,151000
7,4482,2,6,20,RL,1,1,1,Inside,1Story,WD,Normal,221000
7,4740,2,44,60,RL,12,1,0,Inside,2Story,WD,Normal,205000
5,3120,2,13,20,RL,1,0,1,Corner,1Story,WD,Normal,152000
5,4912,1,58,20,RL,16,0,1,Inside,2Story,WD,Normal,225000
8,7353,2,73,70,RL,3,0,0,Inside,2Story,WD,Alloca,359100
4,3087,1,46,20,RL,10,1,1,Inside,1Story,WD,Normal,118500
9,5746,3,9,60,RL,1,1,1,Inside,2Story,WD,Normal,313000
6,3096,2,29,80,RL,7,0,0,FR2,SLvl,WD,Normal,148000
8,5043,2,8,60,RL,1,1,1,Inside,2Story,WD,Normal,261500
5,3360,0,0,20,RL,5,1,0,Inside,1Story,New,Partial,147000
4,1890,0,38,180,RM,15,1,1,Inside,SFoyer,WD,Normal,75500
6,3044,2,47,85,RL,12,0,1,Inside,SFoyer,WD,Abnorml,137500
6,3801,2,4,60,RL,18,1,1,Inside,2Story,WD,Normal,183200
6,2496,2,54,45,RL,12,0,0,Corner,1.5Unf,WD,Normal,105500
9,5478,3,0,20,RL,11,1,0,Inside,1Story,New,Partial,314813
8,6006,3,5,60,RL,17,0,1,Inside,2Story,WD,Normal,305000
3,2592,0,94,30,RL,16,1,0,Inside,1Story,WD,Normal,67000
6,6750,2,34,60,RL,7,1,1,Inside,2Story,WD,Normal,240000
5,2940,2,32,20,RL,10,0,1,Inside,1Story,WD,Normal,135000
6,3780,2,7,160,FV,6,1,0,Inside,2Story,WD,Normal,168500
6,4312,2,34,60,RL,7,1,1,Inside,2Story,WD,Normal,165150
6,3348,2,48,20,RL,12,1,0,Corner,1Story,WD,Normal,160000
5,3822,1,47,20,RL,12,1,0,Inside,1Story,WD,Normal,139900
6,4196,1,55,80,RL,12,1,0,Inside,SLvl,WD,Normal,153000
5,5200,2,38,60,RL,12,0,1,Inside,2Story,WD,Family,135000
6,3948,2,44,80,RL,12,0,1,Corner,SLvl,WD,Normal,168500
5,4136,1,126,70,RM,8,1,0,Corner,2Story,WD,Abnorml,124000
8,4662,2,1,120,RL,11,1,1,Inside,1Story,WD,Normal,209500
7,4208,2,32,20,RL,7,0,1,Inside,1Story,WD,Family,82500
5,3168,1,53,20,RL,12,0,1,Corner,1Story,WD,Normal,139400
6,3168,2,30,90,RL,8,1,1,Inside,SFoyer,WD,Normal,144000
6,7715,0,93,190,RH,24,1,0,Inside,2.5Fin,WD,Abnorml,200000
2,1864,0,73,30,RM,9,0,0,Inside,1Story,ConLw,Normal,60000
5,3585,1,55,190,RM,8,0,0,Inside,1.5Fin,WD,Normal,93000
5,2388,0,98,30,RL,16,1,1,Inside,1Story,WD,Normal,85000
8,4654,3,0,120,RL,22,0,1,Inside,1Story,New,Partial,264561
8,4554,2,5,120,RL,11,1,1,Inside,1Story,WD,Normal,274000
7,4915,2,6,60,FV,6,1,0,Inside,2Story,WD,Normal,226000
8,7360,2,37,80,RL,12,1,1,Inside,SLvl,WD,Normal,345000
5,4020,2,38,60,RL,7,0,1,Inside,2Story,WD,Normal,152000
9,5298,3,0,20,FV,6,1,1,Inside,1Story,New,Partial,370878
6,2943,2,36,20,RL,12,1,0,Corner,1Story,WD,Normal,143250
5,2096,2,58,20,RL,12,1,0,Inside,1Story,WD,Normal,98300
6,3282,2,55,20,RL,16,1,0,Inside,1Story,WD,Normal,155000
6,4434,2,44,60,RL,12,1,0,Inside,2Story,WD,Normal,155000
4,1890,0,37,180,RM,15,0,0,Inside,SFoyer,WD,Normal,84500
7,4143,2,1,60,FV,6,0,0,Inside,2Story,WD,Normal,205950
4,3775,1,69,70,RL,16,0,1,Inside,2Story,WD,Normal,108000
7,4312,2,13,60,RL,1,1,0,Inside,2Story,WD,Normal,191000
6,3694,1,102,50,RM,14,1,1,Inside,1.5Fin,WD,Normal,135000
8,6335,3,13,20,RL,4,1,1,Inside,1Story,WD,Normal,350000
6,2709,1,39,160,RM,23,0,0,Inside,2Story,WD,Family,88000
5,3159,1,49,20,RL,12,0,0,Inside,1Story,WD,Normal,145500
7,3780,1,77,70,RL,3,1,0,Inside,2Story,WD,Normal,149000
6,3828,1,62,50,RL,12,0,1,Inside,1.5Fin,WD,Abnorml,97500
5,4458,2,45,20,RL,16,0,0,Corner,1Story,WD,Normal,167000
7,4663,2,31,60,RL,7,1,0,CulDSac,2Story,WD,Normal,197900
8,6525,3,15,60,RL,4,1,1,CulDSac,2Story,WD,Normal,402000
6,4176,2,41,20,RL,12,1,0,Corner,1Story,WD,Normal,110000
4,3500,2,36,85,RL,16,1,0,Inside,SFoyer,WD,Normal,137500
8,6271,3,1,20,RL,6,1,1,CulDSac,1Story,New,Partial,423000
8,5278,2,6,60,RL,18,1,1,Corner,2Story,WD,Normal,230500
6,5781,2,42,60,RL,12,1,0,Inside,2Story,WD,Abnorml,129000
6,4766,2,14,20,RL,13,1,1,Inside,1Story,WD,Normal,193500
5,4062,2,50,20,RL,10,0,1,Corner,1Story,WD,Normal,168000
4,3060,1,84,30,RL,3,1,0,Inside,1Story,WD,Normal,137500
6,3690,2,4,60,RL,1,1,1,FR2,2Story,WD,Normal,173500
6,3410,1,84,70,RH,16,0,1,Inside,2Story,WD,Normal,103600
6,3624,2,29,20,RL,2,1,1,Inside,1Story,WD,Normal,165000
6,5155,2,50,20,RL,3,1,0,Inside,1Story,WD,Normal,257500
6,3408,1,43,20,RL,12,0,1,Inside,1Story,WD,Normal,140000
6,3737,2,31,160,RL,21,0,1,Inside,2Story,WD,Normal,148500
4,4643,3,106,70,RM,8,1,0,Inside,2Story,WD,Normal,87000
5,2352,1,85,30,RL,8,1,1,Inside,1Story,WD,Normal,109500
8,6138,3,1,20,RL,19,1,1,Inside,1Story,New,Partial,372500
5,2964,2,46,20,RL,10,0,0,Inside,1Story,WD,Normal,128500
6,2769,1,30,120,RL,13,0,1,Inside,1Story,WD,Normal,143000
5,3833,1,77,50,RH,24,1,0,Inside,1.5Fin,WD,Abnorml,159434
6,3873,2,12,120,RL,20,0,1,Inside,1Story,WD,Normal,173000
9,4962,3,5,20,RL,1,1,1,Corner,1Story,WD,Normal,285000
7,4873,2,12,60,RL,4,1,0,CulDSac,2Story,WD,Normal,221000
7,5370,2,23,160,RL,19,0,1,CulDSac,2Story,WD,Normal,207500
7,4396,2,0,60,FV,6,1,1,Inside,2Story,New,Partial,227875
7,2755,2,3,160,FV,6,1,0,FR2,2Story,WD,Normal,148800
8,4257,2,0,20,RL,19,0,1,Inside,1Story,New,Partial,392000
6,4086,2,2,120,RL,11,1,1,Corner,1Story,WD,Normal,194700
6,2544,2,4,120,RM,1,0,1,Inside,1Story,WD,Normal,141000
10,10000,3,13,60,RL,4,1,1,Corner,2Story,WD,Normal,755000
7,6248,2,17,60,RL,17,1,1,Inside,2Story,WD,Normal,335000
5,3219,1,85,30,RL,8,1,0,Corner,1Story,WD,Abnorml,108480
5,4005,2,73,50,RM,9,0,1,Corner,1.5Fin,WD,Normal,141500
6,3386,2,19,20,RL,17,0,1,Inside,1Story,WD,Normal,176000
5,1848,1,85,30,RM,9,1,0,Inside,1Story,WD,Normal,89000
5,3276,1,54,20,RL,16,0,0,Inside,1Story,WD,Normal,123500
5,2682,1,45,20,RL,10,1,1,Inside,1Story,WD,Normal,138500
7,4173,2,4,120,FV,6,1,1,Inside,1Story,WD,Normal,196000
8,5400,3,4,20,RL,17,1,1,Inside,1Story,WD,Normal,312500
7,3492,2,37,20,RL,7,0,0,Inside,1Story,COD,Normal,140000
8,6386,3,0,60,RL,19,1,1,Inside,2Story,New,Partial,361919
5,3984,2,110,190,RM,8,1,1,Inside,2Story,WD,Normal,140000
7,4441,2,6,20,RL,1,1,0,Inside,1Story,WD,Normal,213000
4,2184,0,80,190,RM,14,0,0,Inside,2Story,WD,Normal,55000
7,5291,2,36,20,RL,20,1,1,CulDSac,1Story,WD,Normal,302000
8,3972,2,3,120,RL,11,1,1,Inside,1Story,WD,Normal,254000
7,3640,2,0,60,RL,18,1,1,Inside,2Story,New,Partial,179540
5,2684,1,42,20,RL,10,0,0,Inside,1Story,WD,Abnorml,109900
3,1728,0,73,30,RL,9,0,0,Inside,1Story,WD,Normal,52000
4,3215,1,110,50,C (all),14,1,1,Inside,1.5Fin,WD,Abnorml,102776
8,3684,2,20,120,RL,19,1,1,Inside,1Story,WD,Normal,189000
4,2880,2,36,190,RL,9,1,0,Inside,1Story,WD,Normal,129000
6,3683,2,34,60,RL,10,1,0,CulDSac,2Story,WD,Normal,130500
6,3764,2,35,20,RL,7,0,0,Inside,1Story,WD,Normal,165000
7,5826,2,117,70,RM,8,1,0,Inside,2Story,WD,Normal,159500
5,3532,2,35,20,RL,7,0,1,Inside,1Story,WD,Normal,157000
7,6147,3,15,60,RL,4,1,1,Inside,2Story,WD,Normal,341000
5,2913,1,37,20,RL,1,0,0,Inside,1Story,WD,Normal,128500
8,5226,2,21,120,RL,19,1,1,CulDSac,1Story,WD,Normal,275000
6,2544,2,6,120,RM,1,0,1,Inside,1Story,WD,Normal,143000
4,2592,2,39,20,RL,12,0,0,Inside,1Story,WD,Normal,124500
4,3881,1,54,50,RL,16,1,0,Inside,1.5Fin,WD,Normal,135000
9,5094,3,2,20,RL,16,1,1,Inside,1Story,WD,Normal,320000
4,2592,2,39,20,RL,12,0,1,Inside,1Story,WD,Normal,120500
6,4240,2,21,20,RL,3,1,1,Corner,1Story,WD,Normal,222000
7,3696,2,2,20,RL,1,0,1,Inside,1Story,WD,Normal,194500
5,5136,3,51,90,RL,12,1,0,Corner,1Story,COD,Abnorml,110000
4,2836,2,84,30,RM,14,1,0,Inside,1.5Fin,WD,Normal,103000
8,4827,2,15,120,RL,19,1,1,Inside,1Story,WD,Normal,236500
7,3160,2,4,80,RL,17,1,1,Corner,SLvl,WD,Normal,187500
7,5215,2,10,60,RL,1,1,1,Inside,2Story,WD,Normal,222500
5,3152,1,48,20,RL,10,0,1,Corner,1Story,WD,Normal,131400
5,2844,1,39,20,RL,10,0,1,Corner,1Story,WD,Family,108000
7,4416,2,92,75,RM,8,1,0,Inside,2.5Unf,WD,Normal,163000
3,2080,2,56,90,RL,12,0,0,Inside,1Story,WD,Normal,93500
8,4495,3,1,60,RL,18,1,0,CulDSac,2Story,WD,Normal,239900
5,3600,0,22,90,RL,16,0,1,Inside,1Story,WD,Alloca,179000
7,4320,2,5,60,RL,1,1,1,Inside,2Story,WD,Normal,190000
5,3128,2,97,70,RM,8,1,1,Inside,2Story,WD,Abnorml,132000
6,2736,1,47,20,RL,10,0,1,Inside,1Story,WD,Normal,142000
7,4047,2,7,20,RL,13,1,1,Inside,1Story,WD,Normal,179000
5,3448,2,46,80,RL,10,1,1,Inside,SLvl,WD,Normal,175000
8,4011,2,15,120,RL,19,1,1,Inside,1Story,WD,Normal,180000
8,6572,2,32,60,RL,7,1,0,Inside,2Story,WD,Normal,299800
7,5464,2,9,60,RL,18,1,1,Inside,2Story,WD,Normal,236000
7,6520,4,129,70,RM,8,1,1,Corner,2Story,WD,Normal,265979
7,5160,2,14,20,RL,4,1,1,Inside,1Story,WD,Normal,260400
4,3058,1,64,50,RL,16,1,1,Inside,1.5Fin,WD,Normal,98000
4,2856,0,100,50,RM,8,1,0,Corner,1.5Fin,WD,Normal,96500
7,3300,2,4,60,RL,18,1,0,Inside,2Story,WD,Normal,162000
6,4467,2,9,20,RL,1,1,1,Inside,1Story,WD,Normal,217000
8,5226,3,1,60,RL,11,1,1,Inside,2Story,WD,Normal,275500
6,3078,2,40,20,RL,12,1,1,Inside,1Story,WD,Normal,156000
6,3671,2,10,160,FV,6,1,0,Inside,2Story,WD,Normal,172500
8,4402,2,2,60,RL,1,1,1,Inside,2Story,WD,Normal,212000
6,3444,2,32,60,RL,10,0,1,CulDSac,2Story,WD,Abnorml,158900
7,3746,2,9,160,FV,6,0,0,Inside,2Story,WD,Normal,179400
8,6380,3,12,60,RL,4,1,1,Inside,2Story,WD,Normal,290000
6,2592,1,50,20,RL,12,0,0,Inside,1Story,WD,Normal,127500
5,3747,2,85,30,RM,9,0,0,FR2,1Story,WD,Normal,100000
7,3850,2,1,60,FV,6,1,1,Inside,2Story,Con,Normal,215200
8,5982,3,10,60,RL,4,1,0,Inside,2Story,WD,Normal,337000
8,4482,2,11,120,RL,2,1,0,CulDSac,1Story,WD,Normal,270000
9,4510,2,0,20,RL,6,1,0,Inside,1Story,New,Partial,264132
7,4408,2,22,60,RL,7,1,1,Inside,2Story,WD,Normal,196500
6,4483,1,68,50,RL,5,1,1,Inside,1.5Fin,WD,Normal,160000
7,5532,2,2,20,RL,1,1,1,Inside,1Story,WD,Normal,216837
8,8208,3,7,60,RL,19,1,1,CulDSac,2Story,WD,Normal,538000
5,2574,2,27,85,RL,10,0,1,CulDSac,SFoyer,WD,Normal,134900
4,3276,2,55,20,RL,16,0,0,Inside,1Story,COD,Normal,102000
6,3263,2,34,80,RL,16,0,1,Inside,SLvl,WD,Abnorml,107000
5,2736,1,49,20,RL,12,0,0,Inside,1Story,COD,Normal,114500
8,5881,3,1,20,RL,11,1,1,Corner,1Story,New,Partial,395000
6,3612,2,11,120,RM,5,1,0,FR2,1Story,WD,Normal,162000
7,4842,3,1,20,RL,1,1,1,Inside,1Story,New,Partial,221500
5,2652,2,32,20,RL,10,0,1,Inside,1Story,WD,Normal,142500
5,4040,2,30,90,RH,13,0,0,Inside,1Story,WD,Normal,144000
6,2983,2,29,90,RL,5,0,0,Inside,SFoyer,WD,Normal,135000
7,3743,2,12,20,RL,18,1,1,Inside,1Story,WD,Normal,176000
6,3967,2,14,60,RL,13,1,0,Inside,2Story,WD,Normal,175900
7,4273,2,8,20,RL,1,1,0,Inside,1Story,WD,Normal,187100
5,3317,2,31,85,RL,5,1,1,Corner,SFoyer,WD,Normal,165500
6,3710,0,94,75,RM,8,1,0,Inside,2.5Unf,WD,Normal,128000
6,4056,2,42,20,RL,7,1,0,Inside,1Story,WD,Normal,161500
5,3990,1,95,50,RM,8,1,0,Inside,1.5Fin,WD,Normal,139000
7,5124,2,6,60,RL,13,1,0,Inside,2Story,WD,Normal,233000
4,2703,1,54,20,RM,8,0,0,Corner,1Story,WD,Normal,107900
6,5006,2,41,60,RL,20,1,1,Inside,2Story,WD,Normal,187500
7,3435,2,4,120,RL,22,1,1,Inside,1Story,WD,Normal,160200
6,3153,2,31,80,RL,5,0,1,Corner,SLvl,WD,Normal,146800
7,5143,2,11,60,RL,4,1,1,CulDSac,2Story,WD,Normal,269790
8,4488,2,0,20,RL,6,1,1,Inside,1Story,New,Partial,225000
7,4502,2,14,60,RL,18,1,1,Corner,2Story,WD,Normal,194500
6,3778,2,30,60,RL,13,1,0,Inside,2Story,WD,Normal,171000
6,3230,2,30,20,RL,10,0,1,Inside,1Story,WD,Normal,143500
5,2319,1,55,20,RL,12,0,0,Inside,1Story,WD,Abnorml,110000
9,8206,3,1,60,RL,11,1,1,Inside,2Story,New,Partial,485000
5,4267,1,70,50,RL,24,1,0,Corner,1.5Fin,WD,Normal,175000
6,3992,2,11,60,RL,20,1,1,Inside,2Story,WD,Normal,200000
4,3588,2,91,30,RM,14,0,0,Inside,1Story,WD,Normal,109900
7,3640,2,3,60,RL,1,1,1,Inside,2Story,WD,Normal,189000
9,7378,3,1,60,RL,11,1,1,Inside,2Story,New,Partial,582933
5,3192,1,52,20,RL,12,0,0,Inside,1Story,WD,Family,118000
7,4273,2,0,20,RL,6,1,0,FR2,1Story,New,Partial,227680
5,2940,1,39,80,RL,12,0,1,Inside,SLvl,WD,Normal,135500
5,4476,2,86,70,RL,9,1,0,Inside,2Story,WD,Normal,223500
5,3196,2,40,80,RL,12,0,0,Inside,SLvl,WD,Normal,159950
5,5125,2,111,75,RM,8,1,1,Corner,2.5Unf,WD,Normal,106000
6,3658,2,32,20,RL,7,0,1,Inside,1Story,WD,Normal,181000
6,2544,2,4,120,RM,1,0,1,Inside,1Story,ConLD,Normal,144500
5,2628,2,58,20,C (all),14,0,0,Inside,1Story,WD,Alloca,55993
6,4326,1,49,20,RL,12,1,0,Inside,1Story,COD,Normal,157900
5,3186,1,88,50,RL,16,1,1,Inside,1.5Fin,WD,Normal,116000
7,4971,2,12,20,RL,1,1,0,CulDSac,1Story,WD,Normal,224900
5,3024,1,52,20,RL,12,1,0,Corner,1Story,WD,Normal,137000
8,4946,3,6,20,RL,5,1,1,CulDSac,1Story,WD,Normal,271000
6,3114,2,39,80,RL,20,0,0,Inside,SLvl,WD,Normal,155000
7,4074,2,1,120,RL,11,1,1,Inside,1Story,New,Partial,224000
7,4078,2,5,60,RL,1,1,0,CulDSac,2Story,WD,Normal,183000
4,2808,2,56,20,RM,8,1,0,Inside,1Story,WD,Normal,93000
7,4313,2,4,60,RL,18,1,1,Corner,2Story,WD,Family,225000
6,3756,1,69,50,RL,24,0,1,Inside,1.5Fin,WD,Normal,139500
8,4467,2,0,20,FV,6,1,0,Inside,1Story,New,Partial,232600
10,6246,3,1,20,RL,11,1,1,Inside,1Story,New,Partial,385000
5,2352,0,84,45,RM,9,1,0,Inside,1.5Unf,WD,Normal,109500
7,4322,2,8,20,RL,13,1,1,Inside,1Story,WD,Normal,189000
5,5265,2,42,60,RL,20,1,1,CulDSac,2Story,WD,Abnorml,185000
7,2966,2,1,160,FV,6,1,0,Inside,2Story,WD,Normal,147400
6,4176,2,51,20,RL,12,1,0,Corner,1Story,WD,Normal,166000
7,2920,2,1,160,FV,6,1,0,Inside,2Story,WD,Normal,151000
7,4599,2,7,60,RL,1,1,1,CulDSac,2Story,WD,Normal,237000
6,4548,2,45,20,RL,12,1,0,Inside,1Story,WD,Normal,167000
5,3432,2,47,20,RL,12,0,0,Inside,1Story,WD,Normal,139950
4,3201,2,60,20,RL,10,0,1,Inside,1Story,WD,Normal,128000
5,4677,2,59,30,RM,8,1,0,Inside,1Story,COD,Normal,153500
6,2457,1,35,160,RM,23,0,0,Inside,2Story,WD,Normal,100000
5,3297,1,13,20,RL,1,0,1,Inside,1Story,WD,Normal,144000
5,3168,1,62,50,RL,16,0,0,Inside,1.5Fin,WD,Normal,130500
6,3636,1,83,70,RH,24,1,0,Inside,2Story,WD,Normal,140000
5,3728,2,104,70,RM,8,1,1,Inside,2Story,WD,Normal,157500
6,3457,2,42,80,RL,12,1,0,Inside,SLvl,WD,Normal,174900
5,5400,0,46,90,RL,12,0,0,Corner,1Story,WD,Normal,141000
5,3708,3,93,50,RM,8,1,1,Inside,1.5Fin,WD,Normal,153900
5,4792,2,32,85,RL,10,0,0,CulDSac,SFoyer,WD,Normal,171000
7,4290,2,16,60,RL,13,1,1,Inside,2Story,WD,Normal,213000
5,2592,1,37,20,RL,1,0,0,CulDSac,1Story,WD,Normal,133500
6,5623,2,100,50,RL,20,1,1,Inside,1.5Fin,WD,Normal,240000
6,4238,2,31,80,RL,2,1,1,FR2,SLvl,WD,Normal,187000
6,2544,2,4,120,RM,1,0,1,Inside,1Story,WD,Normal,131500
8,4185,2,3,120,RL,22,1,1,Inside,1Story,WD,Normal,215000
7,4210,1,66,75,RL,3,1,0,Inside,2.5Unf,WD,Normal,164000
6,4017,2,45,80,RL,12,0,1,Corner,SLvl,WD,Normal,158000
5,5321,2,51,20,RL,10,1,0,Inside,1Story,WD,Abnorml,170000
5,3120,1,48,20,RL,10,1,0,Corner,1Story,WD,Normal,127000
6,2992,2,30,80,RL,1,1,0,Inside,SLvl,WD,Normal,147000
6,3664,2,15,60,RL,18,1,0,Inside,2Story,WD,Normal,174000
7,3830,2,33,20,RL,7,0,0,Inside,1Story,WD,Family,152000
6,6362,2,38,60,RL,7,1,0,Corner,2Story,WD,Normal,250000
7,3764,1,89,50,RL,3,1,0,Corner,1.5Fin,WD,Normal,189950
5,3117,2,45,190,RL,10,0,0,Inside,1Story,WD,Normal,131500
6,3234,2,26,20,RL,13,0,0,Corner,1Story,WD,Normal,152000
5,3444,1,50,20,RL,12,0,0,Inside,1Story,WD,Normal,132500
7,4116,2,1,20,FV,6,1,0,Inside,1Story,New,Partial,250580
5,3006,2,39,20,RL,12,0,0,Inside,1Story,WD,Normal,148500
8,4930,3,1,20,RL,17,1,1,Inside,1Story,New,Partial,248900
4,3280,2,46,20,RL,10,0,1,Corner,1Story,WD,Normal,129000
5,4587,2,58,60,RL,18,1,1,Corner,2Story,WD,Normal,169000
7,4948,2,17,60,RL,13,1,1,Inside,2Story,WD,Normal,236000
5,2682,1,47,20,RL,12,0,0,Inside,1Story,WD,Normal,109500
6,4168,2,12,60,RL,1,1,0,Inside,2Story,WD,Normal,200500
5,1925,2,55,20,RL,12,1,1,Corner,1Story,WD,Normal,116000
5,3136,1,60,40,RL,12,1,0,Inside,1Story,WD,Normal,133000
5,2938,1,68,50,RM,8,0,1,Inside,1.5Fin,WD,Abnorml,66500
8,6404,2,0,60,FV,6,1,1,Inside,2Story,New,Partial,303477
4,3144,2,44,20,RL,5,0,0,Inside,1Story,WD,Normal,132250
9,5910,3,5,60,RL,11,0,1,Inside,2Story,WD,Normal,350000
5,3419,2,49,85,RL,10,0,1,Inside,SFoyer,WD,Normal,148000
5,2592,1,31,20,RL,1,0,0,CulDSac,1Story,WD,Normal,136500
5,3270,2,2,20,RL,16,1,0,Inside,1Story,WD,Normal,157000
7,4590,2,17,50,RL,17,1,1,CulDSac,1.5Fin,WD,Normal,187500
6,3994,2,17,60,RL,18,1,1,Corner,2Story,WD,Normal,178000
4,4774,1,94,75,RL,24,1,0,Inside,2.5Fin,WD,Normal,118500
5,2676,1,42,20,RL,12,0,0,Inside,1Story,WD,Normal,100000
9,5116,2,9,120,FV,6,1,1,CulDSac,1Story,CWD,Abnorml,328900
5,5050,2,47,90,RL,12,1,1,Corner,1Story,WD,Family,145000
5,3602,1,53,50,RL,16,1,1,Inside,1.5Fin,WD,Normal,135500
8,6651,2,37,20,RL,12,1,1,Inside,1Story,WD,Normal,268000
6,4515,2,56,20,RL,12,1,0,Inside,1Story,WD,Normal,149500
5,2520,2,58,50,RL,12,0,0,Corner,1.5Fin,WD,Normal,122900
6,4284,2,31,60,RL,10,0,1,Inside,2Story,WD,Normal,172500
6,3195,1,43,20,RL,10,0,1,Inside,1Story,WD,Normal,154500
5,4149,1,54,20,RL,10,1,1,Inside,1Story,WD,Normal,165000
5,3070,2,30,90,RL,13,0,0,Inside,1Story,WD,Alloca,118858
6,4372,2,45,60,RL,12,1,0,Inside,2Story,WD,Normal,140000
4,2853,1,70,30,RM,14,1,0,Inside,1Story,WD,Abnorml,106500
5,4480,2,30,90,RL,13,0,1,Inside,2Story,WD,Alloca,142953
9,7058,3,1,20,RL,11,1,0,Inside,1Story,New,Partial,611657
5,3384,1,45,20,RL,10,0,0,Inside,1Story,WD,Normal,135000
4,2574,1,36,20,RL,12,0,0,Inside,1Story,WD,Normal,110000
5,3604,1,52,20,RL,12,0,0,Inside,1Story,WD,Normal,153000
7,3801,2,3,60,RL,18,1,0,Inside,2Story,WD,Normal,180000
7,5010,3,0,20,RL,18,1,1,CulDSac,1Story,New,Partial,240000
5,2680,1,40,20,RL,10,0,0,Inside,1Story,WD,Normal,125500
5,3182,1,56,20,RL,12,1,0,Inside,1Story,WD,Normal,128000
8,4895,3,1,20,RL,6,1,0,Corner,1Story,WD,Normal,255000
7,5131,1,70,50,RL,3,1,0,Inside,1.5Fin,WD,Normal,250000
5,2668,2,23,20,RL,5,0,1,Inside,1Story,WD,Normal,131000
6,3710,2,4,60,RL,18,1,1,Inside,2Story,WD,Normal,174000
5,5653,2,50,90,RL,12,0,0,Corner,2Story,WD,Normal,154300
5,3804,1,32,20,RL,1,0,1,CulDSac,1Story,WD,Normal,143500
5,2798,1,81,30,RM,9,1,0,Inside,1Story,WD,Abnorml,88000
5,5005,3,58,90,RH,3,0,0,Inside,2Story,WD,Normal,145000
6,3060,2,0,160,FV,6,1,0,Inside,2Story,New,Partial,173733
4,2730,1,37,160,RM,15,0,0,Inside,2Story,WD,Normal,75000
2,1440,1,57,20,C (all),14,0,0,Inside,1Story,WD,Abnorml,35311
4,3592,1,53,20,RL,16,0,0,Inside,1Story,WD,Normal,135000
7,5358,3,16,60,RL,13,1,1,Corner,2Story,WD,Normal,238000
6,4012,2,50,20,RL,12,1,0,Corner,1Story,WD,Normal,176500
6,4370,2,13,60,RL,13,1,1,Inside,2Story,WD,Normal,201000
5,5672,0,108,90,RL,16,1,0,Inside,1.5Fin,WD,Normal,145900
6,3948,2,1,20,RL,18,1,1,Inside,1Story,New,Partial,169990
6,4838,2,15,120,RL,13,1,0,Inside,1Story,WD,Normal,193000
6,5058,2,26,20,RL,7,1,1,Inside,1Story,WD,Normal,207500
5,3378,2,31,20,RL,7,0,1,Corner,1Story,WD,Abnorml,175000
8,5929,3,4,60,RL,11,1,1,Inside,2Story,WD,Normal,285000
7,4788,2,40,60,RL,7,1,0,Inside,2Story,WD,Normal,176000
8,5329,2,8,20,RL,1,1,1,Inside,1Story,WD,Normal,236500
7,5436,2,9,60,RL,18,0,0,Corner,2Story,WD,Normal,222000
8,4398,3,2,20,RL,17,1,1,Inside,1Story,WD,Normal,201000
5,2775,1,44,20,RL,12,0,0,Inside,1Story,WD,Normal,117500
9,5715,3,1,20,RL,6,1,0,Corner,1Story,WD,Normal,320000
7,4500,2,5,20,RL,1,1,1,FR2,1Story,WD,Normal,190000
7,4723,2,48,20,RL,12,0,0,Inside,1Story,WD,Normal,242000
4,2094,2,80,30,RL,9,1,0,Inside,1Story,WD,Normal,79900
7,3576,2,6,20,RL,13,1,0,Inside,1Story,WD,Normal,184900
7,5055,2,4,60,RL,6,1,0,Inside,2Story,WD,Normal,253000
7,5315,3,0,60,RL,1,1,0,Inside,2Story,New,Partial,239799
7,5838,1,70,70,RL,20,1,1,Inside,2Story,COD,Normal,244400
6,5184,2,30,90,RL,5,0,1,Inside,1Story,WD,Normal,150900
7,5112,2,10,60,RL,18,1,0,FR2,2Story,WD,Normal,214000
4,4320,0,30,90,RL,16,0,1,Inside,1Story,Oth,Abnorml,150000
5,4896,2,40,90,RL,5,0,0,Inside,1Story,WD,Normal,143000
6,3507,2,51,20,RL,17,1,0,CulDSac,SLvl,COD,Abnorml,137500
5,4706,2,119,50,RM,8,1,1,Corner,1.5Fin,WD,Normal,124900
5,3432,1,47,80,RL,12,0,1,Inside,SLvl,WD,Normal,143000
8,4874,3,5,20,RL,17,1,0,Inside,1Story,WD,Normal,270000
7,4488,2,4,60,RL,1,1,1,Inside,2Story,WD,Normal,192500
6,3923,2,38,20,RL,7,0,0,Inside,1Story,WD,Normal,197500
5,2592,2,57,20,RL,12,0,1,Inside,1Story,WD,Normal,129000
5,2758,1,41,20,RH,13,0,1,Corner,1Story,WD,Abnorml,119900
5,2304,1,37,85,RL,1,0,1,Inside,SFoyer,WD,Normal,133900
5,4720,2,39,60,RL,5,1,1,Inside,2Story,WD,Normal,172000
6,2905,0,31,90,RL,16,0,0,CulDSac,SFoyer,WD,AdjLand,127500
6,4895,2,61,90,RH,3,0,0,Inside,2Story,WD,Normal,145000
6,3019,2,29,160,RM,25,0,1,Inside,2Story,WD,Normal,124000
5,3171,2,45,20,RL,10,0,0,Inside,1Story,WD,Normal,132000
7,4011,2,4,20,RL,1,1,0,Inside,1Story,WD,Normal,185000
7,3528,2,11,160,FV,6,1,0,FR2,2Story,WD,Normal,155000
5,2574,0,52,20,RL,9,0,1,Inside,1Story,WD,Normal,116500
6,7074,2,31,60,RL,7,1,1,Corner,2Story,WD,Normal,272000
6,3900,2,31,160,RL,21,0,1,Corner,2Story,WD,Normal,155000
9,5400,2,2,20,RL,1,1,1,Corner,1Story,WD,Normal,239000
7,4605,2,8,60,RL,17,1,0,Corner,2Story,WD,Normal,214900
6,3751,2,2,60,RL,18,1,0,Inside,2Story,New,Partial,178900
5,3344,1,69,50,RL,3,1,0,Inside,1.5Fin,WD,Normal,160000
5,3294,1,53,20,RL,12,0,0,Inside,1Story,WD,Normal,135000
3,2536,0,99,50,RM,8,0,0,Inside,1.5Fin,WD,Abnorml,37900
6,2778,1,48,190,RL,12,0,0,Inside,SLvl,ConLD,Normal,140000
4,3104,0,57,50,RL,12,0,0,Inside,1.5Fin,WD,Abnorml,135000
7,4016,2,6,160,RL,11,1,0,Inside,2Story,WD,Normal,173000
6,2754,1,31,120,RL,13,0,1,Inside,1Story,WD,Normal,99500
7,4284,2,1,20,FV,6,1,0,Corner,1Story,New,Partial,182000
7,4766,2,99,70,RL,9,1,1,Corner,2Story,WD,Normal,167500
7,3437,2,6,160,FV,6,1,1,FR2,2Story,WD,Normal,165000
4,2178,0,83,30,RL,9,0,0,Inside,1Story,WD,Normal,85500
7,3723,2,1,120,FV,6,1,0,Inside,1Story,New,Partial,199900
4,2682,2,53,20,RL,16,0,0,Inside,1Story,WD,Abnorml,110000
5,3363,2,46,20,RL,10,1,0,Corner,1Story,WD,Normal,139000
7,2942,2,47,85,RL,12,1,1,Corner,SFoyer,WD,Normal,178400
8,6449,3,11,60,RL,4,0,1,Corner,2Story,WD,Normal,336000
7,3798,2,1,20,RL,22,1,1,Inside,1Story,WD,Normal,159895
8,5708,2,6,60,RL,1,0,0,Corner,2Story,WD,Normal,255900
5,3468,2,32,90,RL,5,0,0,Inside,1.5Fin,COD,Normal,126000
5,3492,1,58,190,RL,16,1,0,Inside,1Story,ConLD,Normal,125000
6,3755,1,96,50,RM,8,0,1,Corner,1.5Fin,WD,Normal,117000
9,5810,3,1,20,RL,11,1,1,Inside,1Story,New,Partial,395192
6,4908,2,31,60,RL,7,1,0,Inside,2Story,WD,Normal,195000
7,3922,2,0,60,FV,6,1,0,Inside,2Story,New,Partial,197000
8,6180,3,9,60,RL,4,1,0,Inside,2Story,WD,Normal,348000
8,4400,2,127,70,RM,8,1,0,Corner,2Story,WD,Normal,168000
6,4524,2,43,60,RL,12,1,1,Inside,2Story,WD,Normal,187000
6,3750,2,1,60,RL,1,1,0,Inside,2Story,New,Partial,173900
10,5136,3,3,20,RL,11,1,1,FR2,1Story,WD,Normal,337500
4,3207,1,60,50,RL,9,1,0,Inside,1.5Fin,WD,Abnorml,121600
5,3150,1,45,20,RL,12,1,0,Inside,1Story,COD,Normal,136500
6,4326,2,39,20,RL,7,0,1,Inside,1Story,WD,Normal,185000
3,3161,1,84,30,RM,14,1,0,Inside,1Story,WD,Normal,91000
7,3603,2,4,20,RL,1,1,1,Inside,1Story,WD,Normal,206000
3,1888,2,57,20,RL,16,0,0,Corner,1Story,WD,Normal,82000
5,2073,1,87,30,RL,8,1,0,Corner,1Story,WD,Abnorml,86000
8,4722,3,2,20,RL,6,1,1,Inside,1Story,WD,Normal,232000
5,5040,2,31,90,RL,7,0,0,Corner,1Story,WD,Normal,136905
7,4354,2,4,120,RL,22,0,1,Inside,1Story,WD,Normal,181000
5,2955,1,31,80,RL,1,0,1,Inside,SLvl,WD,Normal,149900
6,4971,2,37,20,RL,12,1,0,Inside,1Story,WD,Normal,163500
4,2730,1,39,160,RM,15,0,1,Inside,2Story,WD,Normal,88000
7,5130,2,5,20,RL,5,1,1,CulDSac,1Story,WD,Normal,240000
5,3538,0,80,50,RL,24,1,0,Inside,1.5Fin,WD,Normal,102000
5,3262,1,60,50,RL,10,1,0,Inside,1.5Fin,WD,Normal,135000
5,3328,0,45,90,RL,16,0,0,Inside,1Story,WD,Normal,100000
6,3606,1,84,70,RL,3,1,1,Inside,2Story,WD,Normal,165000
5,3066,1,99,30,RM,8,1,0,Inside,1Story,WD,Normal,85000
6,3246,1,59,20,RL,12,1,0,Inside,1Story,WD,Normal,119200
8,4140,2,8,60,RL,7,1,0,Inside,2Story,WD,Normal,227000
7,4512,2,13,20,RL,1,1,1,Inside,1Story,WD,Normal,203000
8,3940,2,25,120,RL,19,0,1,CulDSac,1Story,COD,Abnorml,187500
7,3328,2,16,80,RL,18,0,1,FR2,SLvl,WD,Normal,160000
7,4374,2,1,120,RL,22,1,1,Inside,1Story,WD,Normal,213490
4,3396,2,3,20,RL,16,1,1,Inside,1Story,WD,Normal,176000
7,3639,2,0,20,RL,1,1,1,Inside,1Story,New,Partial,194000
5,3408,1,77,50,RM,8,1,0,Inside,1.5Fin,WD,Normal,87000
7,4354,2,3,120,RL,22,1,1,Inside,1Story,WD,Normal,191000
8,7361,2,32,20,RL,17,1,0,Corner,1Story,COD,Abnorml,287000
5,2646,2,35,20,RL,1,0,1,Corner,1Story,WD,Normal,112500
5,3796,2,50,20,RL,12,1,0,Inside,1Story,WD,Normal,167500
8,4930,3,1,20,RL,17,1,1,Inside,1Story,New,Partial,293077
5,3520,1,66,50,RL,12,0,0,Inside,1.5Fin,WD,Normal,105000
6,3108,1,34,160,RM,23,1,0,Inside,2Story,WD,Normal,118000
5,4542,0,90,190,RH,24,1,0,Inside,2Story,WD,Normal,160000
7,6591,2,89,75,RL,24,1,1,Corner,2.5Fin,WD,Normal,197000
8,6378,3,13,60,RL,4,1,1,Corner,2Story,WD,Abnorml,310000
7,4962,3,4,20,RL,1,1,0,Inside,1Story,WD,Normal,230000
5,2828,1,69,30,RL,3,0,0,Inside,1Story,WD,Normal,119750
4,1690,1,52,20,RL,16,0,1,CulDSac,1Story,WD,Normal,84000
9,4860,3,2,20,RL,17,0,1,Inside,1Story,WD,Normal,315500
8,5581,2,7,60,RL,1,1,0,Inside,2Story,WD,Normal,287000
4,3234,0,39,160,RM,15,0,0,Inside,2Story,WD,Normal,97000
4,1890,1,39,180,RM,15,0,0,Inside,SFoyer,WD,Normal,80000
5,4740,2,49,20,RL,10,0,0,Corner,1Story,WD,Normal,155000
6,4064,2,42,60,RL,7,1,0,Inside,2Story,WD,Normal,173000
6,3918,2,4,120,RL,11,1,1,Inside,1Story,WD,Normal,196000
7,6133,2,18,60,RL,13,1,1,Inside,2Story,WD,Normal,262280
8,7572,2,28,20,RL,7,1,1,Inside,1Story,WD,Normal,278000
3,3466,2,54,20,RL,16,0,0,CulDSac,1Story,WD,Normal,139600
9,7728,3,1,60,RL,19,1,1,Inside,2Story,New,Partial,556581
5,2970,2,14,20,RL,1,0,0,Inside,1Story,WD,Normal,145000
5,3542,2,49,20,RL,5,0,0,Inside,1Story,WD,Normal,115000
4,1860,1,64,20,RL,16,0,0,Inside,1Story,WD,Abnorml,84900
7,3906,2,0,20,RL,18,1,0,Inside,1Story,New,Partial,176485
7,3948,2,0,20,RL,1,1,0,Corner,1Story,New,Partial,200141
6,4770,2,43,60,RL,12,1,0,Corner,2Story,WD,Normal,165000
5,4268,1,53,20,RL,16,1,1,Inside,1Story,WD,Normal,144500
8,5043,2,4,60,RL,1,1,1,Corner,2Story,WD,Normal,255000
6,4239,2,32,20,RL,7,1,0,Inside,1Story,COD,Abnorml,180000
7,4092,2,1,120,RL,11,1,1,Inside,1Story,WD,Normal,185850
7,4673,2,15,60,RL,4,1,1,FR2,2Story,WD,Normal,248000
9,5472,3,1,60,RL,11,1,0,Inside,2Story,WD,Normal,335000
6,4836,2,75,50,RL,3,1,0,Corner,1.5Fin,WD,Normal,220000
8,4014,2,9,120,RL,19,1,0,Inside,1Story,WD,Normal,213500
3,2682,3,73,30,C (all),14,1,0,Inside,1Story,ConLD,Normal,81000
5,5336,2,107,190,RM,8,1,0,Inside,2Story,WD,Normal,90000
6,3309,2,81,30,RM,8,1,1,Inside,1Story,WD,Normal,110500
5,3462,2,43,20,RL,12,1,0,CulDSac,1Story,WD,Normal,154000
7,5826,2,14,60,RL,20,1,1,Inside,2Story,WD,Normal,328000
6,3941,2,16,60,RL,18,1,0,Inside,2Story,WD,Normal,178000
6,4002,2,44,60,RL,12,1,1,Inside,2Story,WD,Normal,167900
6,5984,2,33,160,RM,15,1,1,Inside,2Story,WD,Normal,151400
5,2631,2,58,45,RL,12,0,0,Inside,1.5Unf,WD,Normal,135000
5,3144,1,51,20,RL,12,1,0,Inside,1Story,WD,Normal,135000
6,3839,2,41,60,RL,7,0,0,Inside,2Story,WD,Normal,154000
5,3722,1,58,50,RL,16,0,0,Inside,1.5Fin,WD,Normal,91500
6,3542,2,32,60,RL,16,0,1,Corner,2Story,WD,Normal,159500
7,3720,3,1,20,RL,1,1,1,Inside,1Story,WD,Normal,194000
7,4280,1,67,70,RL,3,0,0,Inside,2Story,CWD,Normal,219500
5,3728,2,70,50,RL,8,1,1,Inside,1.5Fin,WD,Normal,170000
5,3288,1,37,20,RL,12,1,1,Corner,1Story,WD,Abnorml,138800
6,2544,2,2,120,RM,1,0,1,Inside,1Story,WD,Normal,155900
5,2970,1,13,20,RL,1,1,0,Inside,1Story,WD,Normal,126000
6,3774,2,37,20,RL,7,1,1,Inside,1Story,COD,Abnorml,145000
5,3120,1,47,20,RL,10,1,0,Corner,1Story,WD,Normal,133000
7,4377,2,5,20,RL,1,1,1,Inside,1Story,WD,Normal,192000
6,3753,1,42,20,RL,12,1,0,Inside,1Story,WD,Normal,160000
6,3687,2,11,60,RL,18,1,1,Corner,2Story,WD,Normal,187500
6,2928,2,18,85,RL,13,0,1,Inside,SFoyer,WD,Normal,147000
4,2730,1,37,160,RM,15,1,1,Inside,2Story,WD,Normal,83500
8,4988,3,4,60,FV,6,1,1,Inside,2Story,WD,Normal,252000
7,4388,2,2,160,RM,16,1,0,Inside,2Story,WD,Normal,137500
8,3741,2,1,120,FV,6,1,0,Inside,1Story,WD,Normal,197000
3,2080,2,59,90,RL,12,0,0,Corner,1Story,WD,Normal,92900
7,3104,2,9,160,FV,6,1,0,Inside,2Story,WD,Normal,160000
6,4569,2,83,50,RL,24,1,1,Inside,1.5Fin,WD,Normal,136500
5,3264,2,41,20,RL,12,1,0,Corner,1Story,WD,Normal,146000
5,2808,1,54,20,RL,12,1,0,Inside,1Story,WD,Normal,129000
6,3942,2,1,20,RL,1,1,0,Inside,1Story,WD,Normal,176432
6,3394,0,93,70,RM,14,1,1,Inside,2Story,WD,Normal,127000
8,3250,2,21,120,RL,19,1,0,Inside,1Story,WD,Normal,170000
4,3320,1,73,50,RM,9,0,0,Inside,1.5Fin,WD,Normal,128000
7,4473,2,31,20,RL,7,0,0,Inside,1Story,COD,Abnorml,157000
2,1166,1,89,30,RL,24,0,0,Inside,1Story,WD,Normal,60000
5,2850,1,36,20,RL,12,0,0,Inside,1Story,WD,Normal,119500
5,3278,1,47,20,RL,12,1,0,Inside,1Story,WD,Family,135000
6,3043,2,47,20,RL,12,1,0,Corner,1Story,WD,Normal,159500
5,3234,2,37,160,RM,23,0,0,Inside,2Story,WD,Normal,106000
8,6707,2,16,60,RL,4,1,1,Corner,2Story,WD,Normal,325000
7,3794,2,17,20,RL,13,1,0,Corner,1Story,WD,Normal,179900
7,4910,2,0,60,RL,18,1,0,CulDSac,2Story,New,Partial,274725
6,4304,2,7,60,RL,18,1,1,Inside,2Story,WD,Abnorml,181000
8,5508,3,5,20,RL,11,1,1,Inside,1Story,WD,Normal,280000
6,4089,2,13,60,RL,18,1,1,Inside,2Story,WD,Normal,188000
7,4731,2,32,60,RL,7,1,0,Inside,2Story,WD,Normal,205000
5,2448,1,49,20,RL,12,0,0,Corner,1Story,WD,Normal,129900
5,3024,1,54,20,RL,12,1,0,Inside,1Story,WD,Normal,134500
5,2499,1,52,20,RL,8,0,0,Inside,1Story,WD,Normal,117000
8,5202,3,0,20,RL,11,0,0,Inside,1Story,New,Partial,318000
8,3246,2,7,80,RL,18,0,1,Inside,SLvl,WD,Normal,184100
5,2682,2,41,20,RL,10,0,0,FR2,1Story,WD,Normal,130000
5,3735,1,50,80,RL,10,1,1,Inside,SLvl,WD,Normal,140000
5,3120,1,47,20,RL,12,1,1,Inside,1Story,WD,Normal,133700
6,3036,1,87,30,RM,14,1,0,Inside,1Story,WD,Normal,118400
7,4656,3,1,20,RL,1,1,1,Inside,1Story,New,Partial,212900
4,2592,1,53,20,RL,16,1,1,Corner,1Story,COD,Abnorml,112000
5,2094,0,62,20,RL,16,1,0,Inside,1Story,WD,Normal,118000
7,3348,2,15,80,RL,18,1,1,Inside,SLvl,WD,Normal,163900
4,3015,2,54,20,RL,12,0,0,Inside,1Story,WD,Normal,115000
7,4483,3,2,120,RL,22,1,1,Inside,1Story,WD,Normal,174000
7,4590,3,3,20,RL,18,1,1,Corner,1Story,WD,Family,259000
7,4765,2,3,60,RL,18,1,1,Inside,2Story,WD,Normal,215000
5,2808,2,27,90,RM,8,0,1,Inside,SFoyer,WD,Normal,140000
4,5084,2,81,50,RL,24,1,1,Inside,1.5Fin,WD,Normal,135000
5,2922,0,16,20,RL,5,1,0,Inside,1Story,Oth,Abnorml,93500
6,5428,1,127,70,RM,8,1,0,Inside,2Story,WD,Normal,117500
8,5168,2,14,60,RL,13,1,0,Inside,2Story,WD,Normal,239500
6,4116,2,10,60,RL,18,1,1,Inside,2Story,WD,Normal,169000
6,2932,1,81,30,RM,9,1,0,Corner,1Story,WD,Normal,102000
6,3536,1,58,50,RL,12,1,0,Inside,1.5Fin,WD,Abnorml,119000
5,2820,0,135,50,RL,10,1,0,Inside,1.5Fin,WD,Normal,94000
6,4701,2,32,20,RL,5,1,1,Inside,1Story,WD,Normal,196000
5,3249,2,87,30,RL,9,1,0,Inside,1Story,WD,Normal,144000
5,2856,2,57,20,RL,12,0,0,Corner,1Story,COD,Abnorml,139000
5,4516,2,33,60,RL,7,1,1,CulDSac,2Story,WD,Normal,197500
8,7122,3,1,60,RL,1,1,1,Inside,2Story,New,Partial,424870
5,3018,0,49,20,RL,10,1,0,Inside,1Story,WD,Normal,80000
4,2520,1,69,190,RL,16,0,0,Inside,1.5Fin,WD,Normal,80000
5,4194,1,78,50,RM,9,0,0,Inside,1.5Fin,WD,Family,149000
6,3894,2,21,20,RL,13,1,1,Inside,1Story,WD,Normal,180000
7,3832,1,68,70,RL,3,0,0,Inside,2Story,WD,Normal,174500
7,2794,1,82,50,RM,8,1,0,Inside,1.5Fin,WD,Normal,116900
7,3614,2,89,70,RM,8,0,0,Inside,2Story,WD,Normal,143000
6,2796,1,57,20,RL,12,1,0,Inside,1Story,WD,Normal,124000
5,4398,2,47,20,RL,16,1,0,Inside,1Story,WD,Normal,149900
6,4695,2,50,20,RL,3,1,0,Inside,1Story,WD,Abnorml,230000
6,2448,1,78,30,RM,14,1,0,Corner,1Story,WD,Normal,120500
7,4504,2,43,60,RL,12,1,1,Inside,2Story,WD,Normal,201800
5,4311,2,31,20,RL,2,1,0,Corner,1Story,WD,Normal,218000
5,3749,2,43,80,RL,12,1,0,Inside,SLvl,WD,Normal,179900
7,3942,2,2,120,RL,11,1,1,Inside,1Story,WD,Normal,230000
8,4740,3,1,20,RL,6,1,0,FR2,1Story,ConLD,Partial,235128
6,4653,2,34,60,RL,7,1,0,Inside,2Story,WD,Normal,185000
6,3767,2,32,160,RL,21,0,1,Inside,2Story,WD,Normal,146000
6,4576,2,54,20,RL,3,1,1,CulDSac,1Story,WD,Normal,224000
5,2682,2,39,20,RL,10,0,0,Inside,1Story,WD,Normal,129000
4,3714,2,39,90,RL,10,0,1,Inside,SFoyer,WD,Alloca,108959
5,4224,2,29,80,RL,2,1,1,FR2,SLvl,WD,Normal,194000
7,4506,2,0,20,RL,11,1,0,Inside,1Story,New,Partial,233170
8,5082,3,2,20,RL,1,1,1,Corner,1Story,WD,Normal,245350
6,4301,2,6,60,RL,18,1,0,Inside,2Story,WD,Normal,173000
6,5343,2,73,70,RL,16,1,0,Corner,2Story,WD,Normal,235000
10,9184,3,11,60,RL,4,1,1,CulDSac,2Story,WD,Normal,625000
6,3332,1,31,80,RL,5,0,1,Inside,SLvl,WD,Normal,171000
6,3783,2,50,20,RL,12,1,0,Inside,1Story,WD,Normal,163000
7,3125,2,2,160,FV,6,1,0,Inside,2Story,WD,Normal,171900
5,7291,0,61,50,RL,20,0,1,Inside,1.5Fin,WD,Normal,200500
6,5642,2,74,70,RL,3,0,0,Inside,2Story,WD,Normal,239000
8,7427,2,15,50,RL,4,1,0,Inside,1.5Fin,WD,Normal,285000
5,2722,1,24,20,RL,5,0,1,CulDSac,1Story,WD,Normal,119500
6,3266,1,83,50,RM,8,1,0,Inside,1.5Fin,WD,Normal,115000
5,3417,1,88,50,RL,3,1,1,FR2,1.5Fin,WD,Normal,154900
5,2248,0,52,20,RL,16,1,0,Corner,1Story,WD,Normal,93000
7,6244,2,16,60,RL,17,0,0,Corner,2Story,WD,Normal,250000
8,4904,2,0,120,RM,3,1,1,Inside,1Story,New,Partial,392500
10,10000,3,11,60,RL,4,1,1,Corner,2Story,WD,Abnorml,745000
5,3380,2,86,30,RL,8,0,1,Inside,1Story,WD,Normal,120000
5,4716,3,44,20,RL,17,1,0,Inside,1Story,WD,Normal,186700
5,3226,1,82,50,RL,16,1,0,Inside,1.5Fin,WD,Normal,104900
3,4376,2,109,190,RL,8,1,0,Corner,2Story,WD,Abnorml,95000
8,4872,3,12,20,RL,4,1,0,Corner,1Story,WD,Normal,262000
7,4151,2,7,60,RL,1,1,1,Inside,2Story,WD,Normal,195000
7,4602,2,11,60,RL,18,1,1,Inside,2Story,WD,Normal,189000
4,4493,4,46,190,RL,5,0,1,Inside,1Story,WD,Normal,168000
8,3658,2,8,160,FV,6,0,1,Inside,2Story,WD,Normal,174000
5,3646,1,82,50,RM,8,1,0,Inside,1.5Fin,WD,Normal,125000
6,3672,2,10,120,RM,5,1,0,FR2,1Story,WD,Normal,165000
6,3367,1,41,60,RL,10,1,1,Corner,2Story,WD,Normal,158000
6,3640,2,3,60,RL,18,1,1,Inside,2Story,WD,Normal,176000
7,4605,3,0,60,RL,18,1,1,Inside,2Story,New,Partial,219210
7,4195,1,90,75,RM,8,1,0,Corner,2.5Unf,ConLw,Normal,144000
7,3636,2,8,20,RL,1,0,1,Inside,1Story,WD,Normal,178000
4,3815,2,43,20,RL,10,1,0,Inside,1Story,WD,Normal,148000
4,2592,1,36,20,RL,12,0,0,Inside,1Story,Oth,Abnorml,116050
7,4424,2,11,60,RL,1,1,1,Corner,2Story,WD,Normal,197900
5,3580,1,84,50,RM,9,1,0,Corner,1.5Fin,WD,Normal,117000
7,4890,2,9,20,RL,1,1,1,Inside,1Story,WD,Normal,213000
5,3204,2,31,20,RL,7,1,0,Inside,1Story,WD,Normal,153500
7,6550,3,19,20,RL,13,1,1,CulDSac,1Story,WD,Normal,271900
4,3168,1,40,20,RH,13,1,0,Inside,1Story,WD,Normal,107000
6,5082,2,3,20,RL,1,1,1,Inside,1Story,WD,Normal,200000
5,3497,2,46,20,RL,12,0,0,Inside,1Story,WD,Normal,140000
8,4980,2,0,20,RL,6,1,1,CulDSac,1Story,New,Partial,290000
6,4745,2,18,60,RL,13,1,1,Inside,2Story,WD,Normal,189000
8,4063,2,22,50,RL,18,1,1,Inside,1.5Fin,WD,Normal,164000
4,2016,1,68,30,RL,16,1,0,Inside,1Story,WD,Normal,113000
4,2568,1,41,80,RL,10,0,1,CulDSac,SLvl,WD,Normal,145000
5,2923,1,44,85,RL,12,1,1,Inside,SFoyer,WD,Normal,134500
5,2682,1,41,20,RL,10,0,0,Inside,1Story,WD,Normal,125000
6,3804,2,32,90,RM,10,0,0,Inside,1.5Fin,WD,Normal,112000
8,3928,2,0,20,FV,6,1,1,Inside,1Story,New,Partial,229456
4,1824,0,59,50,RM,9,0,0,Inside,1.5Fin,WD,Normal,80500
6,3108,0,35,160,RM,23,0,1,Inside,2Story,WD,Abnorml,91500
5,2736,1,42,20,RL,12,0,0,Inside,1Story,WD,Abnorml,115000
5,3374,1,40,20,RL,10,1,0,Inside,1Story,WD,Normal,134000
6,4732,1,58,50,RL,12,0,0,Inside,1.5Fin,WD,Normal,143000
5,6408,2,55,20,RL,12,1,0,Inside,1Story,WD,Normal,137900
7,3768,2,4,60,RL,18,1,1,Inside,2Story,WD,Normal,184000
6,2864,1,49,80,RL,12,0,1,Inside,SLvl,WD,Normal,145000
6,4760,3,1,60,RL,6,1,1,CulDSac,2Story,WD,Normal,214000
5,2736,2,43,20,RL,12,1,0,Corner,1Story,WD,Normal,147000
9,5106,3,0,120,RL,11,1,0,Corner,1Story,New,Partial,367294
5,4089,1,48,80,RL,12,0,0,Inside,SLvl,WD,Normal,127000
5,6601,2,30,90,RL,10,1,1,Inside,1.5Fin,WD,Normal,190000
5,3486,2,44,90,RL,12,1,0,Inside,SLvl,WD,Normal,132500
4,2448,2,45,90,RL,12,0,0,FR2,1Story,WD,Normal,101800
5,3564,2,51,20,RL,12,0,0,Inside,1Story,COD,Abnorml,142000
5,4868,0,97,70,RH,24,1,0,Inside,2Story,WD,Abnorml,130000
5,4315,1,92,70,RL,3,1,1,Inside,2Story,WD,Normal,138887
7,4016,2,7,160,RL,11,1,0,Inside,2Story,WD,Normal,175500
7,4743,2,2,60,RL,1,1,1,FR2,2Story,WD,Normal,195000
6,3423,2,1,20,RL,13,0,0,Inside,1Story,WD,Abnorml,142500
8,4444,2,1,20,RL,17,1,1,Inside,1Story,WD,Normal,265900
7,4420,2,5,60,RL,1,1,0,Inside,2Story,WD,Normal,224900
7,5067,3,0,20,RL,6,1,0,Inside,1Story,New,Partial,248328
7,3399,2,36,85,RL,7,1,0,Inside,SFoyer,WD,Family,170000
10,6228,3,0,20,RL,11,1,1,Inside,1Story,New,Partial,465000
8,3826,2,77,70,RL,3,0,0,Corner,2Story,WD,Normal,230000
6,4321,2,23,80,RL,7,1,1,Inside,SLvl,WD,Abnorml,178000
7,3862,2,1,60,FV,6,1,0,Inside,2Story,New,Partial,186500
6,3080,3,34,80,RL,5,0,0,Inside,SLvl,WD,Normal,169900
6,4851,2,91,75,RM,8,1,0,Inside,2.5Unf,WD,Normal,129500
5,2852,1,57,20,RL,12,1,0,Inside,1Story,WD,Normal,119000
7,6330,2,42,20,RL,12,0,0,Corner,1Story,WD,Normal,244000
7,4215,2,3,120,RL,11,1,1,Corner,1Story,WD,Normal,171750
5,2612,1,41,20,RL,5,0,1,Inside,1Story,WD,Normal,130000
7,5526,2,33,60,RL,2,1,1,Inside,2Story,WD,Normal,294000
7,4058,2,5,60,RL,16,1,1,Inside,2Story,WD,Normal,165400
6,3618,1,76,50,RM,9,1,0,Inside,1.5Fin,WD,Normal,127500
8,5960,2,14,20,RL,4,1,1,Corner,1Story,WD,Normal,301500
5,2592,0,87,30,RL,16,1,0,Corner,1Story,WD,Normal,99900
7,3188,2,3,80,RL,18,0,1,Inside,SLvl,WD,Normal,190000
6,3162,2,39,20,RL,12,1,1,FR2,1Story,WD,Normal,151000
6,4191,2,10,60,RL,18,1,0,CulDSac,2Story,WD,Normal,181000
5,3150,1,53,20,RL,12,0,0,Inside,1Story,WD,Normal,128900
4,4680,1,52,50,RL,20,0,1,Inside,1.5Fin,WD,Normal,161500
6,4412,2,88,70,RL,9,1,0,Inside,2Story,WD,Normal,180500
6,4079,2,10,120,RH,12,1,1,Inside,1Story,COD,Abnorml,181000
7,3595,2,7,160,FV,6,1,0,FR3,2Story,WD,Normal,183900
7,4703,1,97,190,RM,8,1,0,Inside,2.5Unf,WD,Normal,122000
9,6038,3,2,20,RL,17,1,1,Inside,1Story,WD,Normal,378500
8,7622,3,73,50,RL,3,1,1,Inside,1.5Fin,WD,Normal,381000
5,3922,1,49,50,RL,12,0,0,Inside,1.5Fin,WD,Normal,144000
7,4380,2,31,40,RL,20,0,1,Inside,1Story,WD,Normal,260000
6,4467,2,41,20,RL,7,0,0,Inside,1Story,WD,Normal,185750
5,2805,1,41,20,RL,10,0,1,CulDSac,1Story,WD,Normal,137000
6,3733,1,49,80,RL,16,1,0,Corner,SLvl,WD,Normal,177000
5,3161,2,97,50,RL,3,1,1,Corner,1.5Fin,WD,Normal,139000
5,4768,2,59,90,RL,12,0,0,Corner,2Story,WD,Normal,137000
6,3513,2,37,60,RL,7,1,1,CulDSac,2Story,WD,Normal,162000
6,5128,2,42,80,RL,7,0,0,CulDSac,SLvl,WD,Normal,197900
8,5190,2,6,60,RL,1,1,0,Inside,2Story,WD,Normal,237000
4,2954,2,90,50,C (all),14,1,1,Inside,1.5Fin,COD,Abnorml,68400
7,4719,2,7,20,RL,1,1,0,Inside,1Story,WD,Normal,227000
7,3987,2,16,20,RL,17,1,0,CulDSac,1Story,WD,Normal,180000
5,3120,2,32,20,RL,1,1,0,Inside,1Story,WD,Normal,150500
6,4560,0,39,90,RL,5,0,1,Corner,2Story,WD,Normal,139000
6,5698,1,91,50,RL,24,1,1,Inside,1.5Fin,WD,Normal,169000
6,3604,1,70,50,RM,9,0,1,Inside,1.5Fin,WD,Normal,132500
6,3984,2,47,20,RL,7,1,0,Inside,1Story,WD,Normal,143000
5,4788,2,42,20,RL,20,1,1,Inside,1Story,WD,Normal,190000
8,4819,2,9,120,RL,19,1,1,Inside,1Story,WD,Normal,278000
8,5025,3,0,60,RL,11,1,1,Inside,2Story,New,Partial,281000
5,3456,2,46,80,RL,12,0,1,Corner,SLvl,WD,Normal,180500
5,3234,1,37,160,RM,23,0,1,Inside,2Story,WD,Normal,119500
5,5738,1,117,70,RM,8,1,0,Corner,2Story,WD,Normal,107500
7,4160,2,30,60,RL,7,1,0,Inside,2Story,WD,Normal,162900
5,2592,2,51,20,RL,16,0,0,Inside,1Story,WD,Normal,115000
5,3156,1,38,20,RL,12,0,1,Inside,1Story,WD,Normal,138500
5,3376,2,45,20,RL,12,1,1,Inside,1Story,WD,Normal,155000
6,2691,2,1,180,RM,16,1,0,Inside,SFoyer,New,Partial,140000
10,10000,2,0,60,RL,16,1,1,Corner,2Story,New,Partial,160000
5,3738,1,51,20,RL,12,0,1,Inside,1Story,WD,Normal,154000
7,4944,2,10,60,RL,18,0,0,CulDSac,2Story,WD,Normal,225000
6,3759,1,67,70,RL,3,1,0,Inside,2Story,WD,Normal,177500
8,6217,3,12,60,RL,4,1,1,Inside,2Story,WD,Normal,290000
7,4848,3,1,20,RL,6,1,1,Inside,1Story,WD,Normal,232000
7,4392,2,2,160,RM,16,1,0,Inside,2Story,WD,Normal,130000
9,4956,2,3,20,RL,11,1,1,Corner,1Story,WD,Normal,325000
7,4104,2,1,120,RL,11,1,1,Inside,1Story,New,Partial,202500
5,2970,2,15,20,RL,1,1,0,Inside,1Story,WD,Normal,138000
5,3168,2,60,20,RM,8,1,0,Inside,1Story,WD,Normal,147000
6,3866,2,17,20,RL,13,1,1,Inside,1Story,WD,Normal,179200
7,5706,2,51,20,RL,3,1,0,Inside,1Story,WD,Normal,335000
7,3822,2,2,20,RL,1,1,1,Inside,1Story,New,Partial,203000
8,7073,2,17,60,RL,4,0,1,Inside,2Story,WD,Normal,302000
9,6591,3,11,60,RL,4,1,1,Corner,2Story,WD,Normal,333168
4,2844,1,53,20,RL,16,1,0,Inside,1Story,WD,Normal,119000
6,5176,2,39,60,RL,12,0,1,Inside,2Story,WD,Normal,206900
8,4882,3,1,20,RL,1,1,1,Inside,1Story,WD,Normal,295493
7,4056,2,1,120,FV,6,1,0,Corner,1Story,New,Partial,208900
8,5327,3,5,20,RL,1,1,1,CulDSac,1Story,WD,Normal,275000
4,2760,1,53,20,RL,16,0,0,Inside,1Story,WD,Normal,111000
6,4434,2,52,20,RL,12,1,1,Inside,1Story,WD,Normal,156500
3,1440,1,59,20,RL,9,0,0,Corner,1Story,WD,Normal,72500
7,4596,2,18,60,RL,4,1,1,Inside,2Story,WD,Normal,190000
4,1836,0,69,30,RL,9,0,1,Inside,1Story,WD,Normal,82500
8,5385,3,1,20,RL,6,1,0,Inside,1Story,New,Partial,147000
4,2388,0,86,30,RM,14,1,0,Inside,1Story,WD,Normal,55000
3,2092,0,76,30,RH,16,1,0,Inside,1Story,WD,Normal,79000
5,2448,1,26,20,RL,5,0,0,Inside,1Story,WD,Normal,130500
6,7094,2,88,50,RM,8,1,0,Corner,1.5Fin,WD,Normal,256000
7,4199,2,8,60,RL,18,1,0,Inside,2Story,WD,Normal,176500
8,4764,3,1,20,RL,6,1,1,Inside,1Story,WD,Normal,227000
5,2819,2,30,80,RL,1,0,0,Inside,SLvl,WD,Normal,132500
4,2448,1,71,20,RL,16,0,0,Inside,1Story,WD,Normal,100000
5,3523,1,68,50,RM,14,1,0,Corner,1.5Fin,WD,Normal,125500
5,3495,2,39,160,RM,23,1,0,Inside,2Story,WD,Normal,125000
6,4018,2,32,20,RL,7,1,0,Inside,1Story,WD,Normal,167900
5,4968,2,35,90,RL,7,1,0,Inside,1Story,WD,Normal,135000
4,2079,0,65,30,RM,8,1,0,Corner,1Story,WD,Normal,52500
7,4638,2,4,60,RL,1,1,1,Corner,2Story,WD,Normal,200000
5,2592,1,34,20,RL,1,0,0,Corner,1Story,WD,Normal,128500
4,2602,4,36,20,RL,12,0,0,Inside,1Story,WD,Normal,123000
6,3342,2,5,20,RL,13,1,0,Inside,1Story,WD,Normal,155000
8,5622,2,5,60,RL,1,1,1,Inside,2Story,WD,Normal,228500
6,4722,2,81,50,RL,3,0,0,Inside,1.5Fin,WD,Normal,177000
7,3640,2,1,60,RL,1,0,0,Corner,2Story,New,Partial,155835
4,2880,1,87,30,RM,8,1,0,Inside,1Story,WD,Normal,108500
7,5880,2,38,20,RL,7,1,0,CulDSac,1Story,WD,Normal,262500
8,5284,3,1,20,RL,17,0,0,Corner,1Story,New,Partial,283463
7,4470,2,9,20,RL,13,1,1,Inside,1Story,WD,Normal,215000
8,5195,0,136,70,RM,8,1,0,Inside,2Story,WD,Normal,122000
5,6516,4,40,90,RL,12,0,0,Inside,2Story,WD,Normal,200000
6,4290,2,46,60,RL,12,1,0,Inside,2Story,WD,Normal,171000
6,3050,2,72,50,RM,9,0,1,Inside,1.5Fin,WD,Normal,134900
8,8509,3,15,50,RL,4,1,1,CulDSac,1.5Fin,WD,Normal,410000
7,4722,3,8,60,RL,1,1,0,Inside,2Story,WD,Normal,235000
7,4410,2,38,80,RL,7,1,0,Inside,SLvl,WD,Normal,170000
5,2648,1,42,20,RL,12,0,0,Corner,1Story,WD,Normal,110000
5,3234,2,39,20,RL,12,0,0,CulDSac,1Story,WD,Normal,149900
6,3902,2,10,160,FV,6,1,0,Inside,2Story,WD,Normal,177500
9,5940,3,2,20,RL,11,1,1,FR3,1Story,WD,Normal,315000
5,5814,2,87,70,RL,24,1,1,Inside,2Story,WD,Normal,189000
7,4590,2,4,20,RL,19,1,1,Inside,1Story,WD,Normal,260000
4,4191,1,89,50,RL,12,0,1,FR2,1.5Fin,WD,Normal,104900
6,3440,2,1,60,RL,18,1,0,Inside,2Story,New,Partial,156932
7,2920,2,1,160,FV,6,1,0,Inside,2Story,WD,Abnorml,144152
7,4162,2,10,60,FV,6,1,0,Inside,2Story,WD,Normal,216000
7,4453,2,9,60,RL,1,1,0,Inside,2Story,WD,Abnorml,193000
5,3707,1,29,160,RM,15,1,1,Inside,2Story,WD,Normal,127000
6,2544,2,6,120,RM,1,0,1,Inside,1Story,WD,Normal,144000
8,4993,2,7,20,RL,1,1,0,FR2,1Story,WD,Normal,232000
4,3588,1,89,50,RL,8,1,0,Corner,1.5Fin,WD,Normal,105000
6,4314,1,53,80,RL,12,1,0,Inside,SLvl,WD,Normal,165500
7,5302,2,8,60,RL,1,1,1,Corner,2Story,WD,Normal,274300
10,7899,3,6,20,RL,4,1,1,Inside,1Story,WD,Normal,466500
7,4942,3,3,60,FV,6,1,1,Inside,2Story,WD,Normal,250000
8,4713,3,0,20,RL,17,1,1,Inside,1Story,New,Partial,239000
6,2348,1,78,30,RL,24,1,0,Inside,1Story,WD,Normal,91000
5,4192,2,68,50,RL,16,1,0,Inside,1.5Fin,WD,Normal,117000
6,2457,1,33,160,RM,23,0,1,Inside,2Story,WD,Normal,83000
5,3172,2,2,80,RL,17,0,1,Inside,SLvl,WD,Normal,167500
3,2592,1,96,30,RL,16,1,0,Inside,1Story,WD,Normal,58500
6,5439,2,38,20,RL,12,1,0,Corner,1Story,WD,Normal,237500
7,4120,2,86,70,RM,8,1,1,Corner,2Story,WD,Normal,157000
5,3648,2,89,30,RL,10,1,0,Inside,1Story,WD,Normal,112000
6,3076,1,70,50,RL,16,0,0,Inside,1.5Fin,WD,Normal,105000
4,3104,1,88,50,RM,14,1,0,Inside,1.5Fin,WD,Normal,125500
7,6960,2,28,60,RL,7,1,0,Inside,2Story,WD,Normal,250000
6,5766,1,91,50,RM,8,1,1,Inside,1.5Fin,CWD,Family,136000
9,5238,3,3,20,RL,18,1,1,CulDSac,1Story,WD,Normal,377500
6,3171,2,66,50,RM,9,0,0,Inside,1.5Fin,WD,Normal,131000
7,4575,2,6,20,RL,1,1,1,Inside,1Story,WD,Normal,235000
5,4752,3,42,90,RL,12,1,0,Inside,1Story,WD,Normal,124000
5,2664,1,39,85,RL,12,1,1,Inside,SFoyer,WD,Normal,123000
6,4306,2,103,190,RM,8,1,0,Inside,1.5Fin,WD,Normal,163000
7,4356,3,0,120,RL,22,1,1,Inside,1Story,New,Partial,246578
8,6058,3,2,60,RL,17,1,1,Inside,2Story,WD,Normal,281213
5,4121,2,62,20,RL,17,1,0,Inside,1Story,WD,Normal,160000
5,3965,1,87,70,RM,9,1,1,Inside,2Story,WD,Normal,137500
5,5016,1,59,50,RL,12,1,0,Inside,1.5Fin,WD,Normal,138000
6,4192,1,84,50,RL,24,1,1,Inside,1.5Fin,WD,Normal,137450
6,3178,1,79,50,RM,9,1,0,Corner,1.5Fin,WD,Normal,120000
6,4025,2,4,60,RL,18,1,1,Inside,2Story,WD,Normal,193000
7,3874,2,0,20,RL,1,1,1,Inside,1Story,New,Partial,193879
8,4413,3,0,20,RL,6,1,1,CulDSac,1Story,WD,Normal,282922
3,3100,3,91,50,RL,8,1,1,Corner,1.5Fin,WD,Family,105000
8,4886,2,4,120,RM,3,1,1,Inside,1Story,WD,Normal,275000
5,2304,2,37,85,RL,1,0,1,Corner,SFoyer,WD,Normal,133000
5,2499,0,24,20,RL,5,0,0,Corner,1Story,WD,Normal,112000
4,3348,2,100,70,RM,8,1,0,Inside,2Story,WD,Normal,125500
7,4977,2,22,60,RL,7,1,1,CulDSac,2Story,WD,Normal,215000
7,4624,2,8,60,RL,1,1,0,Inside,2Story,WD,Normal,230000
6,4192,1,59,50,RL,12,0,0,Inside,1.5Fin,WD,Normal,140000
4,2080,2,60,90,RL,12,0,0,Inside,1Story,WD,Normal,90000
8,5532,2,4,20,RL,13,1,1,Corner,1Story,COD,Abnorml,257000
6,4529,2,85,50,RL,9,1,0,Inside,1.5Fin,WD,Normal,207000
7,4524,3,2,120,RL,22,1,1,Inside,1Story,WD,Normal,175900
4,5357,2,125,190,RM,8,1,0,Inside,2Story,WD,Normal,122500
8,6184,3,11,60,RL,4,1,0,Inside,2Story,WD,Normal,340000
5,3432,1,45,20,RL,12,1,0,Inside,1Story,COD,Normal,124000
6,5532,2,37,20,RL,3,1,0,Inside,1Story,WD,Normal,223000
6,3540,2,38,60,RL,7,1,0,Corner,2Story,WD,Normal,179900
6,3207,2,33,120,RL,21,1,0,Inside,1Story,WD,Normal,127500
6,2544,2,5,120,RM,1,0,1,Inside,1Story,WD,Normal,136500
6,5099,2,40,80,RL,16,1,1,CulDSac,SLvl,WD,Alloca,274970
5,3712,1,49,20,RL,12,1,1,Inside,1Story,WD,Normal,144000
6,3756,2,49,20,RL,12,1,0,Inside,1Story,WD,Normal,142000
7,5477,2,14,60,RL,4,1,1,Inside,2Story,WD,Normal,271000
5,4029,1,63,50,RL,12,0,0,Inside,1.5Fin,WD,Normal,140000
5,2396,1,70,30,RM,8,1,0,Corner,1Story,WD,Abnorml,119000
6,4320,2,26,20,RL,7,1,0,Corner,1Story,WD,Normal,182900
5,4408,2,1,60,RL,18,1,1,Inside,2Story,WD,Normal,192140
6,2874,2,33,120,RL,21,1,0,Inside,1Story,WD,Normal,143750
4,2592,1,80,30,RL,8,0,0,Inside,1Story,WD,Normal,64500
6,4520,2,8,60,RL,18,0,0,Inside,2Story,WD,Normal,186500
5,3378,2,29,20,RL,5,1,1,Inside,1Story,WD,Normal,160000
6,4393,2,46,20,RL,12,1,0,Inside,1Story,COD,Abnorml,174000
4,2592,2,36,20,RL,12,0,0,FR2,1Story,WD,Normal,120500
8,5796,3,0,20,RL,11,1,0,FR2,1Story,New,Partial,394617
6,3384,2,53,20,RM,8,1,0,Inside,1Story,WD,Normal,149700
7,3989,2,28,60,RL,7,1,0,Inside,SLvl,WD,Normal,197000
6,5314,2,86,70,RL,3,0,1,Inside,2.5Fin,WD,Normal,191000
6,2544,2,4,120,RM,1,0,1,Inside,1Story,WD,Normal,149300
10,5031,3,1,60,FV,6,1,1,Inside,2Story,WD,Normal,310000
6,2856,1,93,30,RL,9,1,0,Inside,1.5Unf,WD,Normal,121000
7,4266,2,3,20,RL,1,1,1,FR2,1Story,WD,Normal,179600
6,2640,1,41,85,RL,10,1,0,Inside,SFoyer,WD,Normal,129000
5,3564,1,48,20,RL,5,1,1,CulDSac,1Story,WD,Normal,157900
8,5400,2,12,60,RL,1,1,0,Inside,2Story,WD,Normal,240000
4,3252,1,97,50,RL,16,1,1,Inside,2Story,WD,Normal,112000
5,1890,0,36,180,RM,15,0,0,Inside,SFoyer,WD,Abnorml,92000
5,4480,0,35,90,RL,12,1,1,FR2,2Story,WD,Normal,136000
8,4729,3,1,20,RL,6,1,0,Inside,1Story,New,Partial,287090
5,2691,2,1,180,RM,16,1,0,Inside,SLvl,WD,Normal,145000
5,3420,0,0,20,RL,5,1,1,Inside,1Story,WD,Abnorml,84500
7,3663,2,5,20,FV,6,1,0,Inside,1Story,WD,Normal,185000
6,4247,2,8,60,RL,18,1,0,Inside,2Story,WD,Normal,175000
6,5688,2,32,20,RL,7,0,1,Inside,1Story,WD,Normal,210000
7,5832,1,69,70,RL,3,1,0,Inside,2Story,WD,Normal,266500
5,3234,1,60,20,RL,12,1,1,Inside,1Story,WD,Normal,142125
5,3768,1,43,20,RL,16,1,1,Inside,1Story,WD,Normal,147500
